Timestamp,หมายเลขเครื่อง,เบอร์มีด,Lot_No,วันผลิตสิ้นสุด,เวลาผลิตสิ้นสุด,ยอดผลิตรวม,ยอดของเสียรวม,H01,H02,H03,H04,H05,H06,H07,H08,H09,H10,H11,H12,H13,H14,H15,ยอดของดี,เปลี่ยนหินซ้าย,เปลี่ยนหินขวา,ยอดก่อนเปลี่ยนหิน,ขนาดหินซ้าย,ขนาดหินขวา,เวลาเริ่มเปลี่ยนหิน,เวลาจบเปลี่ยนหิน,ชื่อผู้ผลิต,EMPTY_01,EMPTY_02,หัวหน้า/ช่างประจำเครื่อง,QC Approved,หมายเหตุ,รายละเอียดจูนทุกรอบ,เวลาจูนรวม (นาที)
19/03/2026 20:07:10,SG-01,477,1263071-12,,20:08,502,2,,,,,,,,,,,,,,,2,500,-,-,,,,,,ปรียะดา,,,ศักดิ์สิทธิ์,,ปลายงุ้ม,,
19/03/2026 20:14:25,SG-02,477,1263071-09,,20:15,497,12,12,,,,,,,,,,,,,,,485,-,-,,,,,,ภาวิณี,,,ศักดิ์สิทธิ์,,หนา,,
20/03/2026 09:59:40,SG-01,477,1263071-05,,09:58,374,7,5,,,,,,,,,,,,,,2,367,-,-,,,,,,ปรียะดา,,,ศักดิ์สิทธิ์,,โคนงุ้ม ,,
20/03/2026 10:13:24,SG-02,477,1263071-08,,10:12,496,15,4,,,,,,,,,,,,,,11,481,-,-,,,,,,ภาวิณี,,,ศักดิ์สิทธิ์,,ปลายงุ้ม11,,
20/03/2026 13:35:02,SG-01,477,1263071-02,,13:33,480,8,5,,,,,,,,,,,,,,3,472,-,-,,,,,,ปรียะดา,,,ศักดิ์สิทธิ์,,ปลายงุ้ม3,,
20/03/2026 14:05:20,SG-02,477,1263072-06,,14:03,491,41,15,,,,,,,,,,,,,,26,450,-,-,,,,,,ภาวิณี,,,ศักดิ์สิทธิ์,,ปลายงุ้ม26,,
20/03/2026 16:11:27,SG-01,477,1263073-03,,16:08,492,36,8,,,,,,,,,,,,,14,14,456,-,-,,,,,,ปรียะดา,,,ศักดิ์สิทธิ์,,โคนงุ้ม11 ปลายงุ้ม3,,
20/03/2026 17:47:08,SG-02,477,1263072-01,,17:45,498,97,25,,,,,,,,,,,,,,72,401,-,-,,,,,,ภาวิณี,,,ศักดิ์สิทธิ์,,ปลายงุ้ม72,,
20/03/2026 19:04:24,SG-01,477,1263072-05,,19:01,497,11,11,,,,,,,,,,,,,,,486,-,-,,,,,,ปรียะดา,,,ศักดิ์สิทธิ์,,หนา 11,,
20/03/2026 20:15:58,SG-02,477,1263072-02,,20:15,493,26,6,,,,,,,,,,,,,,20,467,-,-,,,,,,ภาวิณี,,,ศักดิ์สิทธิ์,,ปลายงุ้ม20,,
21/03/2026 08:46:46,SG-01,477,1263072-09,,08:45,492,8,5,,,,,,,,,,,,,,3,484,-,-,,,,,,ปรียะดา,,,ศักดิ์สิทธิ์,,ปลายงุ้ม3,,
21/03/2026 09:55:38,SG-02,477,1263072-07,,09:35,494,76,36,,,,,,,,,,,,,,40,418,-,-,,,,,,ภาวิณี,,,ศักดิ์สิทธิ์,,ปลายงุ้ม40,,
21/03/2026 13:14:40,SG-01,477,1263072-08,,13:10,492,4,4,,,,,,,,,,,,,,,488,-,-,,,,,,ปรียะดา,,,ศักดิ์สิทธิ์,,,,
21/03/2026 13:55:08,SG-02,477,1263073-02,,13:55,524,64,35,,,,,,,,,,,,,,29,460,-,-,,,,,,ภาวิณี,,,ศักดิ์สิทธิ์,,ปลายงุ้ม29,,
21/03/2026 15:40:55,SG-01,477,1263073-06,,13:35,456,39,28,,,,,,,,,,,,,,11,417,-,-,,,,,,ปรียะดา,,,ศักดิ์สิทธิ์,,ตูดงุ้ม11,,
21/03/2026 17:34:13,SG-02,477,1263073-05,,17:37,504,124,75,,,,,,,,,,,,,,49,380,-,-,,,,,,ภาวิณี,,,ศักดิ์สิทธิ์,,ปลายงุ้ม49,,
21/03/2026 19:30:26,SG-01,477,1263073-08,,18:56,498,62,53,,,,,,,,,,,,,,9,436,-,-,,,,,,ปรียะดา,,,ศักดิ์สิทธิ์,,ตูดย้อย9,,
23/03/2026 08:30:44,SG-01,477,1263074-03,,08:30,495,0,,,,,,,,,,,,,,,,495,เปลี่ยน,เปลี่ยน,325,,,,,ปรียะดา,,,ศักดิ์สิทธิ์,,,,
23/03/2026 11:07:19,SG-02,477,1263073-07,,09:00,498,0,,,,,,,,,,,,,,,,498,เปลี่ยน,เปลี่ยน,48,,,,,ปรียะดา,,,ศักดิ์สิทธิ์,,,,
23/03/2026 11:16:24,SG-01,477,1263074-10,,11:11,407,65,25,,,,,,,,,,,,,,40,342,-,-,,,,,,ปรียะดา,,,ศักดิ์สิทธิ์,,โคนงุ่ม35 ปลายงุม5 หนา25,,
23/03/2026 15:41:49,SG-02,477,1263073-07,,15:30,501,109,13,,,,,,,,,,,,,,96,392,-,-,,,,,,ปรียะดา,,,ศักดิ์สิทธิ์,,,,
23/03/2026 15:44:57,SG-01,477,1263074-03,,15:42,477,36,,,,,,,,,,,,,,,36,441,-,-,,,,,,ปรียะดา,,,ศักดิ์สิทธิ์,,ตูดบิด,,
23/03/2026 19:02:28,SG-02,477,1263074-05,,18:58,499,63,,,,,,,,,,,,,,,63,436,-,-,,,,,,ปรียะดา,,,ศักดิ์สิทธิ์,,,,
23/03/2026 19:32:25,SG-01,477,1263074-06,,19:31,506,19,,,,,,,,,,,,,,,19,487,-,-,,,,,,ปรียะดา,,,ศักดิ์สิทธิ์,,ตูดบิด,,
23/03/2026 21:39:47,SG-02,477,1263074-08,,21:37,498,50,,,,,,,,,,,,,,,50,448,-,-,,,,,,ปรียะดา,,,ศักดิ์สิทธิ์,,,,
24/03/2026 08:55:46,SG-01,477,1263072-12,,08:53,511,29,,,,,,,,,,,,,,,29,482,-,-,,,,,,ปรียะดา,,,ศักดิ์สิทธิ์,,โคนงุ่ม8  ปลายงุ่ม21,,
24/03/2026 11:08:47,SG-02,477,1263072-03,,10:47,499,51,8,,,,,,,,,,,,,,43,448,-,-,,,,,,ปรียะดา,,,ศักดิ์สิทธิ์,,ปลายงุ้ม 36  โคนงุ้ม 7,,
24/03/2026 12:59:35,SG-01,477,1263072-10,,12:58,485,5,,,,,,,,,,,,,,,5,480,-,-,,,,,,ปรียะดา,,,ศักดิ์สิทธิ์,,ตูดบิด,,
24/03/2026 15:55:45,SG-02,477,1263074-12,,15:53,493,24,4,,,,,,,,,,,,,,20,469,-,-,,,,,,ปรียะดา,,,ศักดิ์สิทธิ์,,"ปลายงุ้ม 15
โคนงุ้ม 5",,
24/03/2026 15:57:09,SG-01,477,1263072-04,,15:55,490,8,,,,,,,,,,,,,,,8,482,-,-,,,,,,ปรียะดา,,,ศักดิ์สิทธิ์,,โคนงุุ้ม 3 ปลายงุ้ม5,,
24/03/2026 19:08:46,SG-02,477,1263018-023,,19:05,498,25,10,,,,,,,,,,,,,,15,473,-,-,,,,,,ปรียะดา,,,ศักดิ์สิทธิ์,,"ปลายงุ้ม 11
โคนงุ้ม 4",,
24/03/2026 19:19:11,SG-01,477,1263075-04,,19:15,488,22,11,,,,,,,,,,,,,,11,466,-,-,,,,,,ปรียะดา,,,ศักดิ์สิทธิ์,,โคนงุ้ม8 ปลายงุ้ม3,,
24/03/2026 21:25:03,SG-02,477,1263018-03,,20:19,259,9,2,,,,,,,1,,,,,,,6,250,-,-,,,,,,ปรียะดา,,,ศักดิ์สิทธิ์,,โคนงุ้ม 6,,
25/03/2026 08:18:45,SG-01,477,1263075-07,,08:17,493,35,26,,,,,,,,,,,,,,9,458,-,-,,,,,,ปรียะดา,,,ศักดิ์สิทธิ์,,โคนงุ้ม4 ปลายงุ้ม5,,
25/03/2026 09:09:43,SG-02,477,1263075-13,,09:07,481,35,18,,,,,,,,,,,,,,17,446,-,-,,,,,,ปรียะดา,,,ศักดิ์สิทธิ์,,,,
25/03/2026 12:51:20,SG-01,477,1263074-04,,12:50,482,53,42,,,,,,,,,,,,,,11,429,-,-,,,,,,ปรียะดา,,,ศักดิ์สิทธิ์,,ปลายงุ้ม11,,
25/03/2026 13:32:11,SG-02,477,1263075-03,,13:10,491,67,32,,,,,,,,,,,,,,35,424,-,-,,,,,,ปรียะดา,,,ศักดิ์สิทธิ์,,"ปลายงุ้ม 21 
โคนงุ้ม 14",,
25/03/2026 16:19:55,SG-01,477,1263074-13,,16:16,470,50,45,,,,,,,,,,,,,,5,420,เปลี่ยน,เปลี่ยน,470,,,,,ปรียะดา,,,ศักดิ์สิทธิ์,,ปลายงุ้ม 5,,
25/03/2026 17:40:11,SG-02,477,1263075-09,,17:33,473,70,50,,,,,,,,,,,,,,20,403,เปลี่ยน,เปลี่ยน,437,,,,,ปรียะดา,,,ศักดิ์สิทธิ์,,"เปลี่ยนหิน 16.10-16.30    ปลายงุ้ม 8
แต่งมีด16.30-17.20          โคนงุ้ม 12",,
25/03/2026 20:39:27,SG-01,477,1263076-03,,20:38,489,37,14,,,,,,,,,,,,,,23,452,-,-,,,,,,ปรียะดา,,,ศักดิ์สิทธิ์,,ตูดบิด18 ปลายงุ้ม5,,
25/03/2026 21:43:54,SG-02,477,1263074-09,,21:13,498,53,,,,,,,,,,,,,,,53,445,-,-,,,,,,ปรียะดา,,,ศักดิ์สิทธิ์,,"ปลายงุ้ม 38
โคนงุ้ม 15",,
26/03/2026 09:51:55,SG-01,477,1263075-08,,09:50,489,27,12,,,,,,,,,,,,,,15,462,-,-,,,,,,ปรียะดา,,,ศักดิ์สิทธิ์,,โคนงุ้ม9 ปลายงุ้ม6,,
26/03/2026 10:34:20,SG-02,477,1263075-06,,10:30,526,59,1,,,,,,,,,,,,,,58,467,-,-,,,,,,ปรียะดา,,,ศักดิ์สิทธิ์,,"ปลายงุ้ม 36
โคนงุ้ม 22",,
26/03/2026 16:20:26,SG-01,477,1263075-11,,14:52,496,15,3,,,,,,,,,,,,,,12,481,-,-,,,,,,ปรียะดา,,,ศักดิ์สิทธิ์,,โคนงุ้ม 12,,
26/03/2026 16:21:47,SG-02,477,1263073-13,,16:18,446,94,4,,,,,,,,,,,,,,90,352,-,-,,,,,,ปรียะดา,,,ศักดิ์สิทธิ์,,"ปลายงุ้ม 77 
โคนงุ้ม 13",,
26/03/2026 18:10:14,SG-01,477,1263073-12,,18:09,497,14,6,,,,,,,,,,,,,,8,483,-,-,,,,,,ปรียะดา,,,ศักดิ์สิทธิ์,,โคนงุ้ม8,,
26/03/2026 19:37:06,SG-02,477,1263075-12,,19:33,487,169,12,,,,,,,,,,,,,,157,318,-,-,,,,,,ปรียะดา,,,ศักดิ์สิทธิ์,,"ปลายงุ้ม 128
โคนงุ้ม 29",,
26/03/2026 20:49:56,SG-01,477,1263076-02,,20:48,491,19,5,,,,,,,,,,,,,,14,472,-,-,,,,,,ปรียะดา,,,ศักดิ์สิทธิ์,,ตูดบิด14,,
27/03/2026 08:34:19,SG-02,477,1263111-07,,08:30,461,40,2,,,,,,,,,,,,,,38,421,-,-,,,,,,ปรียะดา,,,ศักดิ์สิทธิ์,,"ปลายงุ้ม22
โคนงุ้ม16",,
27/03/2026 10:06:04,SG-01,477,1263111-11,,10:05,496,15,7,,,,,,,,,,,,,,8,481,-,-,,,,,,ปรียะดา,,,ศักดิ์สิทธิ์,,ตูดบิด,,
27/03/2026 11:20:49,SG-02,477,1263076-04,,11:18,490,62,,,,,,,,,,,,,,,62,428,-,-,,,,,,ปรียะดา,,,ศักดิ์สิทธิ์,,"ปลายงุ้ม32
โคนงุ้ม30",,
27/03/2026 14:43:27,SG-01,477,1263111-12,,14:42,481,31,21,,,,,,,,,,,,,,10,450,-,-,,,,,,ปรียะดา,,,ศักดิ์สิทธิ์,,โคนงุ้ม10,,
27/03/2026 16:28:30,SG-02,477,1263112-01,,15:50,484,78,22,,,,,,,,,,,,,,56,406,-,-,,,,,,ปรียะดา,,,ศักดิ์สิทธิ์,,"ปลายงุ้ม8       ปรับแต่งโคน
โคนงุ้ม48",14:30-14:55,25
27/03/2026 18:22:11,SG-01,477,1263075-02,,18:21,495,34,30,,,,,,,,,,,,,,4,461,-,-,,,,,,ปรียะดา,,,ศักดิ์สิทธิ์,,โคนงุ้ม4,,
27/03/2026 20:13:46,SG-02,476,1263111-08,,20:11,496,61,28,,,,,,,,,,,,,,33,435,-,-,,,,,,ปรียะดา,,,ศักดิ์สิทธิ์,,"ปลายงุ้ม5
โคนงุ้ม18",,
27/03/2026 21:20:44,SG-01,477,1263111-05,,21:19,490,36,34,,,,,,,,,,,,,,2,454,-,-,,,,,,ปรียะดา,,,ศักดิ์สิทธิ์,,โคนงุ้ม2,,
28/03/2026 09:52:08,SG-02,477,1263111-01,,09:47,487,21,13,,,,,,,,,,,,,,8,466,-,-,,,,,,...(ป้อม),,,ศักดิ์สิทธิ์,,โคนงุ้ม8,,
28/03/2026 10:44:19,SG-01,477,1263111-04,,10:41,485,63,55,,,,,,,,,,,,,,8,422,-,-,,,,,,ปรียะดา,,,ศักดิ์สิทธิ์,,"ปลายงุ้ม5
โคนงุ้ม3",,
28/03/2026 15:31:23,SG-02,477,126111-06,,15:20,488,12,,,,,,,,,,,,,,,12,476,เปลี่ยน,เปลี่ยน,438,,,14:12,15:11,...(ป้อม),,,ศักดิ์สิทธิ์,,โคนงุ้ม12,,
28/03/2026 15:40:58,SG-01,477,1263111-13,,15:34,477,54,50,,,,,,,,,,,,,,4,423,เปลี่ยน,เปลี่ยน,477,,,15:50,16:16,ปรียะดา,,,ศักดิ์สิทธิ์,,"ปลายงุ้ม2
โคนงุ้ม2",,
30/03/2026 10:09:01,SG-02,477,1263111-02,,10:00,496,9,,,,,,,,,,,9,,,,,487,-,-,,,,,,สุชาดา(ส้ม),,,ศักดิ์สิทธิ์,,,,
30/03/2026 14:34:29,SG-01,477,1263112-06,,10:08,487,24,4,,,,,,,,,,,,,,20,463,-,-,,,,,,...(เต้),,,ศักดิ์สิทธิ์,,โคนงุ้ม10 ปลายงุ้ม10,,
30/03/2026 14:37:08,SG-01,477,1263112-05,,13:54,472,24,,,,,,,,,,,,,,,24,448,-,-,,,,,,...(เต้),,,ศักดิ์สิทธิ์,,ปลายงุ้ม7 โคนงุ้ม17,,
30/03/2026 14:40:10,SG-02,477,1263112-03,,13:45,488,12,,,,,,,,,,,,,,,12,476,-,-,,,,,,สุชาดา(ส้ม),,,ศักดิ์สิทธิ์,,ปลายงุ้ม2 โคนงุ้ม10,,
30/03/2026 17:57:36,SG-02,477,1263111-09,,16:28,493,17,4,,,,,,,,,,,,,,13,476,-,-,,,,,,สุชาดา(ส้ม),,,ศักดิ์สิทธิ์,,โคนงุ้ม4 ปลายงุ้ม9,,
30/03/2026 18:01:55,SG-01,477,1263112-04,,16:35,489,39,,,,,,,,,,,,,,,39,450,-,-,,,,,,...(เต้),,,ศักดิ์สิทธิ์,,โคนงุ้ม22 ปลายงุ้ม17,,
30/03/2026 19:30:08,SG-02,477,1263113-01,,19:18,470,5,1,,,,,,,,,,,,,,4,465,-,-,,,,,,สุชาดา(ส้ม),,,ศักดิ์สิทธิ์,,ปลายงุ้ม3 โคนงุุ้ม1,,
30/03/2026 19:32:19,SG-01,477,1263113-03,,19:27,462,21,,,,,,,,,,,,,,,21,441,-,-,,,,,,...(เต้),,,ศักดิ์สิทธิ์,,โคนงุ้ม14ปลายงุ้ม7,,
31/03/2026 11:06:06,SG-02,477,1263112-08,,09:13,467,14,4,,,,,,,,,,,,,,10,453,-,-,,,,,,สุชาดา(ส้ม),,,ศักดิ์สิทธิ์,,ปลายงุ้ม7 โคนงุ้ม3,,
31/03/2026 11:08:44,SG-01,477,1263113-05,,09:12,462,21,6,,,,,,,,,,,,,,15,441,-,-,,,,,,...(เต้),,,ศักดิ์สิทธิ์,,โคนงุ้ม9 ปลายงุ้ม6,,
31/03/2026 14:30:28,SG-02,477,1263114-04,,13:08,473,17,13,,,,,,,,,,,,,,4,456,-,-,,,,,,สุชาดา(ส้ม),,,ศักดิ์สิทธิ์,,โคนงุ้ม4,,
31/03/2026 14:35:15,SG-01,477,1263112-11,,12:40,466,4,1,,,,,,,,,,,,,,3,462,-,-,,,,,,...(เต้),,,ศักดิ์สิทธิ์,,โคนงุ้ม1 ปลายงุ้ม2,,
31/03/2026 15:22:36,SG-01,477,1263113-04,,15:05,455,23,8,,,,,,,,,,,,,,15,432,-,-,,,,,,...(เต้),,,ศักดิ์สิทธิ์,,ปลายงุ้ม7 โคนงุ้ม8,,
01/04/2026 10:09:35,SG-02,477,1263113-07,,08:40,490,43,40,,,,,,,,,,,,,,3,447,-,-,,,,,,สุชาดา(ส้ม),,,ศักดิ์สิทธิ์,,โคนงุุ้ม3,,
01/04/2026 10:05:54,SG-01,477,1263113-02,,10:00,456,35,22,,,,,,,,,,,,,,13,421,-,-,,,,,,...(เต้),,,ศักดิ์สิทธิ์,,ปลายงุ้ม11 โคนงุ้ม2,,
01/04/2026 12:48:10,SG-02,477,1263112-10,,11:13,482,43,38,,,,,,,,,,,,,,5,439,-,-,,,,,,สุชาดา(ส้ม),,,ศักดิ์สิทธิ์,,โคนงุ้ม5,,
01/04/2026 17:52:03,SG-01,477,1263114-08,,14:05,489,89,81,,,,,,,,,,,,,,8,400,-,-,,,,,,...(เต้),,,ศักดิ์สิทธิ์,,ปลายงุ้ม8,,
01/04/2026 17:47:28,SG-02,477,1263115-13,,15:35,453,68,63,,,,,,,,,,,,,,5,385,-,-,,,,,,สุชาดา(ส้ม),,,ศักดิ์สิทธิ์,,โคนงุ่ม2 เป็นคลื่น3,,
01/04/2026 17:50:09,SG-01,477,1263115-01,,16:31,444,89,86,,,,,,,,,,,,,,3,355,-,-,,,,,,...(เต้),,,ศักดิ์สิทธิ์,,ปลายงุ้ม3,,
01/04/2026 20:47:09,SG-02,477,1263115-06,,18:37,480,106,105,,,,,,,,,,,,,,1,374,-,-,,,,,,สุชาดา(ส้ม),,,ศักดิ์สิทธิ์,,โคนงุ้ม1,,
01/04/2026 20:44:59,SG-01,477,1263114-10,,19:35,450,136,136,,,,,,,,,,,,,,,314,-,-,,,,,,...(เต้),,,ศักดิ์สิทธิ์,,,,
02/04/2026 09:00:24,SG-02,477,1263112-09,,08:41,449,61,9,,,,,,,,,,,,,,52,388,เปลี่ยน,เปลี่ยน,27,,,18:50,20:02,สุชาดา(ส้ม),,,ศักดิ์สิทธิ์,,ปลายงุ้ม28โคนงุ้ม24,,
02/04/2026 11:09:51,SG-01,477,1263115-03,,09:42,484,140,123,,,,,,,,,,,,,,17,344,เปลี่ยน,เปลี่ยน,332,,,08:00,09:00,...(เต้),,,ศักดิ์สิทธิ์,,ปลายงุ้ม9 โคนงุ้ม8,,
02/04/2026 13:21:24,SG-01,477,1263114-09,,13:12,468,2,,,,,,,,,,,,,,,2,466,-,-,,,,,,...(เต้),,,ศักดิ์สิทธิ์,,ปลายงุ่ม2,,
02/04/2026 13:24:58,SG-02,477,1263112-13,,11:11,452,21,3,,,,,,,,,,,,,,18,431,-,-,,,,,,สุชาดา(ส้ม),,,ศักดิ์สิทธิ์,,โคนงุ้ม9 ปลายงุ้ม9,,
02/04/2026 18:10:53,SG-02,477,1263115-12,,15:06,432,74,34,,,,,,,,,,,,,,40,358,-,-,,,,,,สุชาดา(ส้ม),,,ศักดิ์สิทธิ์,,ปลายงุ้ม36 โคนงุ้ม4,,
02/04/2026 18:13:17,SG-02,477,1263115-09,,18:00,485,31,17,,,,,,,,,,,,,,14,454,-,-,,,,,,สุชาดา(ส้ม),,,ศักดิ์สิทธิ์,,โคนงุ้ม2 ปลายงุ้ม12,,
02/04/2026 18:15:21,SG-01,477,1263116-01,,15:40,460,10,,,,,,,,,,,,,,,10,450,-,-,,,,,,...(เต้),,,ศักดิ์สิทธิ์,,ปลายงุ้ม10,,
02/04/2026 18:48:19,SG-01,477,1263115-07,,18:36,469,19,10,,,,,,,,,,,,,,9,450,-,-,,,,,,...(เต้),,,ศักดิ์สิทธิ์,,ปลายงุ้ม9,,
03/04/2026 13:29:08,SG-01,477,1263114-12,,10:05,459,21,20,,,,,,,,,,,,,,1,438,-,-,,,,,,...(เต้),,,ศักดิ์สิทธิ์,,ปลายงุ้ม1,,
03/04/2026 13:34:51,SG-02,477,1263114-13,,20:57,465,34,,,,,,,,,,,,,,,34,431,-,-,,,,,,สุชาดา(ส้ม),,,ศักดิ์สิทธิ์,,โคนงุ้ม4 ปลายงุ้ม30,,
03/04/2026 13:37:17,SG-02,477,1263114_11,,10:17,470,51,12,,,,,,,,,,,,,,39,419,-,-,,,,,,สุชาดา(ส้ม),,,ศักดิ์สิทธิ์,,โครงุ้ม8 ปลายงุ้ม31,,
03/04/2026 14:30:35,SG-01,477,1263113-08,,14:18,499,47,36,,,,,,,,,,,,,,11,452,-,-,,,,,,...(เต้),,,ศักดิ์สิทธิ์,,โคนงุ้ม2 ปลายงุ้ม9,,
03/04/2026 18:10:21,SG-01,477,1263115-10,,17:21,468,33,24,,,,,,,,,,,,,,9,435,-,-,,,,,,...(เต้),,,ศักดิ์สิทธิ์,,ปลายงุ้ม8 โคนงุ้ม1,,
03/04/2026 18:17:34,SG-02,477,1263115-11,,17:36,418,57,13,,,,,,,,,,,,,,44,361,-,-,,,,,,สุชาดา(ส้ม),,,ศักดิ์สิทธิ์,,โคนงุ้ม2 ปลายงุ้ม42,,
03/04/2026 18:19:32,SG-02,477,1263115-08,,13:34,436,26,5,,,,,,,,,,,,,,21,410,-,-,,,,,,สุชาดา(ส้ม),,,ศักดิ์สิทธิ์,,โคนงุ้ม6 ปลายงุ้ม15,,
04/04/2026 08:57:24,SG-01,477,1263115-04,,19:57,458,68,67,,,,,,,,,,,,,,1,390,-,-,,,,,,...(เต้),,,ศักดิ์สิทธิ์,,โคนงุ้ม1,,
04/04/2026 08:59:35,SG-02,477,1263141-08,,20:29,455,58,50,,,,,,,,,,,,,,8,397,-,-,,,,,,สุชาดา(ส้ม),,,ศักดิ์สิทธิ์,,โคนงุ้ม3 ปลายงุ้ม5,,
04/04/2026 09:34:53,SG-02,477,1263141-11,,09:28,481,64,57,,,,,,,,,,,,,,7,417,-,-,,,,,,สุชาดา(ส้ม),,,ศักดิ์สิทธิ์,,ปลายงุ้ม5 โคนงุ้ม2,,
04/04/2026 09:37:14,SG-01,477,1263113,,09:05,478,79,70,,,,,,,,,,,,,,9,399,-,-,,,,,,...(เต้),,,ศักดิ์สิทธิ์,,โคนงุ้ม1 ปลายงุ้ม8,,
04/04/2026 13:57:19,SG-01,477,1263114-07,,12:58,445,90,81,,,,,,,,,,,,,,9,355,-,-,,,,,,...(เต้),,,ศักดิ์สิทธิ์,,ปลายงุ้ม8 โคนงุ้ม1,,
04/04/2026 13:59:24,SG-02,477,1263141-01,,13:55,450,103,90,,,,,,,,,,,,,,13,347,-,-,,,,,,สุชาดา(ส้ม),,,ศักดิ์สิทธิ์,,โคนงุ้ม2 ปลายงุ้ม11,,
04/04/2026 20:40:45,SG-02,477,1263141-07,,17:10,452,118,115,,,,,,,,,,,,,,3,334,-,-,,,,,,สุชาดา(ส้ม),,,ศักดิ์สิทธิ์,,โคนงุ้ม2 ปลายงุ้ม1,,
04/04/2026 20:42:17,SG-01,477,1263141-02,,18:14,449,111,111,,,,,,,,,,,,,,,338,-,-,,,,,,...(เต้),,,ศักดิ์สิทธิ์,,,,
04/04/2026 20:44:47,SG-01,477,1263141-13,,15:06,367,77,77,,,,,,,,,,,,,,,290,-,-,,,,,,...(เต้),,,ศักดิ์สิทธิ์,,,,
06/04/2026 09:55:08,SG-01,477,1263142-02,,08:24,469,54,,,,,,,,,,,,,,,54,415,เปลี่ยน,เปลี่ยน,377,,,19:00,20:00,...(เต้),,,ศักดิ์สิทธิ์,,โคนงุ้ม23 ปลายงุ้ม31,,
06/04/2026 09:57:52,SG-02,477,1263142-01,04/04/2026,20:56,475,48,48,,,,,,,,,,,,,,,427,เปลี่ยน,เปลี่ยน,20,,,18:00,19:00,สุชาดา(ส้ม),,,ศักดิ์สิทธิ์,,,,
06/04/2026 10:15:17,SG-02,477,1263078-04,,10:09,542,0,,,,,,,,,,,,,,,,542,-,-,,,,,,สุชาดา(ส้ม),,,ศักดิ์สิทธิ์,,,,
06/04/2026 14:17:26,SG-01,477,1263078-03,,12:45,523,55,,,,,,,,,,,,,,,55,468,-,-,,,,,,...(เต้),,,ศักดิ์สิทธิ์,,โคนงุ้ม3 ปลายงุ้ม52,,
06/04/2026 14:19:07,SG-02,477,1263078-02,,11:15,518,0,,,,,,,,,,,,,,,,518,-,-,,,,,,สุชาดา(ส้ม),,,ศักดิ์สิทธิ์,,,,
06/04/2026 16:46:51,SG-02,477,1263078-02,,14:15,518,0,,,,,,,,,,,,,,,,518,-,-,,,,,,สุชาดา(ส้ม),,,ศักดิ์สิทธิ์,,,,
06/04/2026 16:50:03,SG-01,477,1263116-07,,14:50,394,10,,,,,,,,,,,,,,,10,384,-,-,,,,,,...(เต้),,,ศักดิ์สิทธิ์,,โคนงุ้ม1 ปลายงุ้ม9,,
06/04/2026 16:51:17,SG-01,477,1263078-03,,12:45,523,55,,,,,,,,,,,,,,,55,468,-,-,,,,,,...(เต้),,,ศักดิ์สิทธิ์,,โคนงุ้ม3 ปลายงุ้ม52,,
07/04/2026 08:47:57,SG-01,477,1263142-04,,08:42,450,16,5,,,,,,,,,,,,,,11,434,-,-,,,,,,...(เต้),,,ศักดิ์สิทธิ์,,โคนงุ้ม3 ปลายงุ้ม8,,
07/04/2026 08:49:39,SG-02,477,1263078-01,,08:45,491,0,,,,,,,,,,,,,,,,491,-,-,,,,,,สุชาดา(ส้ม),,,ศักดิ์สิทธิ์,,,,
07/04/2026 13:27:07,SG-02,477,1263114-05,,13:06,496,32,1,,,,,,,,,,,,,,31,464,-,-,,,,,,สุชาดา(ส้ม),,,ศักดิ์สิทธิ์,,โคนงุ้ม15 ปลายงุ้ม16,,
07/04/2026 13:29:30,SG-01,477,1263143-01,,11:05,449,9,,,,,,,,,,,,,,,9,440,-,-,,,,,,...(เต้),,,ศักดิ์สิทธิ์,,โคนงุ้ม1 ปลายงุ้ม8,,
07/04/2026 15:51:58,SG-01,477,1263113-11,,14:53,470,12,3,,,,,,,,,,,,,,9,458,-,-,,,,,,...(เต้),,,ศักดิ์สิทธิ์,,ปลขายงุ้ม9,,
07/04/2026 15:54:58,SG-02,477,1263142-03,,15:52,465,10,,,,,,,,,,,,,,,10,455,,,,,,,,สุชาดา(ส้ม),,,ศักดิ์สิทธิ์,,ปลายงุ้ม10,,
08/04/2026 15:54:58,SG-01,477,1263113-12,,09:10,494,16,10,,,,,,,,,,6,,,,,478,,,,,,,,...(เต้),,,ศักดิ์สิทธิ์,,,,
08/04/2026 15:54:58,SG-02,477,1263113-13,,10:11,465,16,1,,,,,,,,,,15,,,,,449,,,,,,,,สุชาดา(ส้ม),,,ศักดิ์สิทธิ์,,,,
08/04/2026 15:54:58,SG-01,477,1263114-06,,11:48,443,35,13,,,,,,,,,,22,,,,,408,,,,,,,,...(เต้),,,ศักดิ์สิทธิ์,,,,
08/04/2026 15:54:58,SG-02,477,1263114-02,,14:23,464,48,29,,,,,,,,,,19,,,,,416,,,,,,,,สุชาดา(ส้ม),,,ศักดิ์สิทธิ์,,,,
08/04/2026 15:54:58,SG-01,477,1263143-04,,15:28,435,10,6,,,,,,,,,,4,,,,,425,,,,,,,,...(เต้),,,ศักดิ์สิทธิ์,,,,
09/04/2026 13:38:29,SG-02,477,1263141-10,,12:50,430,21,18,,,,,,,,,,,,,,3,409,-,-,,,,,,สุชาดา(ส้ม),,,ศักดิ์สิทธิ์,,โคนงุ้ม2 ปลายงุ้ม1,,
09/04/2026 13:40:16,SG-02,477,1263142-08,,08:49,433,98,98,,,,,,,,,,,,,,,335,-,-,,,,,,สุชาดา(ส้ม),,,ศักดิ์สิทธิ์,,,,
09/04/2026 13:44:31,SG-01,477,1263115-05,,13:24,446,118,111,,,,,,,,,,,,,,7,328,-,-,,,,,,...(เต้),,,ศักดิ์สิทธิ์,,โคนงุ้ม7,,
09/04/2026 13:46:22,SG-01,477,1263143-03,,09:27,455,73,72,,,,,,,,,,,,,,1,382,-,-,,,,,,...(เต้),,,ศักดิ์สิทธิ์,,ปลายงุ้ม1,,
10/04/2026 09:37:04,SG-02,477,1263141-04,,09:05,276,189,188,,,,,,,,,,,,,,1,87,-,-,,,,,,สุชาดา(ส้ม),,,ศักดิ์สิทธิ์,,ปลายงุ้ม1,,
10/04/2026 09:38:37,SG-02,477,1263116-02,,15:49,438,48,39,,,,,,,,,,,,,,9,390,-,-,,,,,,สุชาดา(ส้ม),,,ศักดิ์สิทธิ์,,โคนงุ้ม1 ปลายงุ้ม8,,
10/04/2026 09:40:25,SG-01,477,1263142-05,,16:00,451,71,66,,,,,,,,,,,,,,5,380,-,-,,,,,,...(เต้),,,ศักดิ์สิทธิ์,,ปลายงุ้ม5,,
10/04/2026 10:25:42,SG-01,477,1263141-09,,10:21,485,86,81,,,,,,,,,,,,,,5,399,-,-,,,,,,...(เต้),,,ศักดิ์สิทธิ์,,ปลายงุ้ม5,,
16/04/2026 16:33:18,SG-02,477,1263141-12,,16:08,627,14,7,,,,,,,,,,,,,,7,613,เปลี่ยน,เปลี่ยน,627,,,,,สุชาดา(ส้ม),,,ศักดิ์สิทธิ์,,โตนงุ้ม6 ปลายงุ้ม1,,
16/04/2026 16:35:51,SG-01,477,1263141-06,,16:26,417,50,39,,,,,,,,,,,,,,11,367,เปลี่ยน,เปลี่ยน,208,,,,,...(เต้),,,ศักดิ์สิทธิ์,,โคนงุ้ม11,,
17/04/2026 10:35:54,SG-02,477,126314,,10:28,492,0,,,,,,,,,,,,,,,,492,-,-,,,,,,สุชาดา(ส้ม),,,ศักดิ์สิทธิ์,,,,
17/04/2026 13:31:35,SG-01,477,1263144-07,,10:47,443,18,1,,,,,,,,,,,,,,17,425,-,-,,,,,,...(เต้),,,ศักดิ์สิทธิ์,,ปลายงุ้ม17,,
17/04/2026 14:37:24,SG-01,477,1263144-05,,14:17,432,15,,,,,,,,,,,,,,,15,417,-,-,,,,,,...(เต้),,,ศักดิ์สิทธิ์,,โคนงุ้ม13 ปลายงุ้ม2,,
17/04/2026 14:41:40,SG-02,477,1263143-06,,14:20,411,4,,,,,,,,,,,,,,,4,407,-,-,,,,,,สุชาดา(ส้ม),,,ศักดิ์สิทธิ์,,โคนงุ้ม3 ปลายงุ้ม1,,
17/04/2026 16:29:02,SG-02,477,1263143-08,,16:10,331,13,2,,,,,,,,,,,,,,11,318,-,-,,,,,,สุชาดา(ส้ม),,,ศักดิ์สิทธิ์,,โคนงุ้ม7 ปลายงุ้ม4,,
17/04/2026 16:30:50,SG-01,477,1263143-11,,16:25,417,13,,,,,,,,,,,,,,,13,404,-,-,,,,,,...(เต้),,,ศักดิ์สิทธิ์,,ปลายงุ้ม9 โคนงุ้ม4,,
18/04/2026 09:31:44,SG-02,477,1263143-10,,09:09,270,6,,,,,,,,,,,,,,,6,264,-,-,,,,,,สุชาดา(ส้ม),,,ศักดิ์สิทธิ์,,ปลายงุ้ม6,,
18/04/2026 12:47:53,SG-01,477,1263144-01,,10:21,461,15,3,,,,,,,,,,,,,,12,446,-,-,,,,,,...(เต้),,,ศักดิ์สิทธิ์,,โคนงุ้ม1 ปลายงุ้ม11,,
18/04/2026 12:50:05,SG-02,477,1263143-09,,11:20,406,13,7,,,,,,,,,,,,,,6,393,-,-,,,,,,สุชาดา(ส้ม),,,ศักดิ์สิทธิ์,,โคนงุ้ม4 ปลายงุ้ม2,,
18/04/2026 14:17:56,SG-01,477,1263144-04,,13:35,399,7,,,,,,,,,,,,,,,7,392,-,-,,,,,,...(เต้),,,ศักดิ์สิทธิ์,,ปลายงุ้ม7,,
18/04/2026 16:29:51,SG-01,477,1263144-09,,16:00,444,12,5,,,,,,,,,,,,,,7,432,-,-,,,,,,...(เต้),,,ศักดิ์สิทธิ์,,ปลายงุ้ม7,,
18/04/2026 16:31:55,SG-02,477,1263143-13,,15:18,502,7,4,,,,,,,,,,,,,,3,495,-,-,,,,,,สุชาดา(ส้ม),,,ศักดิ์สิทธิ์,,โคนงุ้ม2 ปลายงุ้ม1,,
20/04/2026,SG-02,477,1263144-03,,09:00,386,9,4,,,,,,,,,,5,,,,,377,,,,,,,,สุชาดา(ส้ม),,,ศักดิ์สิทธิ์,,พี่ติ๊ก ต่องานพี่ส้ม,,
20/04/2026,SG-01,477,1263143-12,,09:55,444,26,8,,,,,,,,,,18,,,,,418,,,,,,,,...(เต้),,,ศักดิ์สิทธิ์,,,,
20/04/2026,SG-02,477,1263144-08,,14:18,416,8,3,,,,,,,,,,5,,,,,408,เปลี่ยน,เปลี่ยน,386,,,,,ภาวิณี,,,ศักดิ์สิทธิ์,,งง วันที่ 20 อาจจะมีการสลับคน,,
21/04/2026,SG-02,477,1263142-07,,10:53,460,1,1,,,,,,,,,,,,,,,459,-,-,,,,,,สุชาดา(ส้ม),,,ศักดิ์สิทธิ์,,,,
21/04/2026,SG-02,477,1263142-12,,14:37,455,12,3,,,,,,,,,,9,,,,,443,-,-,,,,,,สุชาดา(ส้ม),,,ศักดิ์สิทธิ์,,,,
20/04/2026,SG-01,477,1263144-02,,14:04,454,11,2,,,,,,,,,,9,,,,,443,เปลี่ยน,เปลี่ยน,302,,,,,...(เต้),,,ศักดิ์สิทธิ์,,,,
20/04/2026,SG-01,477,1261344-06,,15:50,443,10,7,,,,,,,,,,3,,,,,433,,,,,,,,สุชาดา(ส้ม),,,ศักดิ์สิทธิ์,,,,
22/04/2026,SG-02,477,1263142-05,,08:07,434,3,,,,,,,,,,,3,,,,,431,-,-,,,,,,สุชาดา(ส้ม),,,ศักดิ์สิทธิ์,,,,
22/04/2026 13:11:07,SG-02,477,1263116-06,,11:06,451,8,8,,,,,,,,,,,,,,,443,-,-,,,,,,สุชาดา(ส้ม),,,ศักดิ์สิทธิ์,,,,
22/04/2026 13:12:43,SG-01,477,1263142-06,,12:46,316,27,,,,,,,,,,,,,,,27,289,-,-,,,,,,...(เต้),,,ศักดิ์สิทธิ์,,ปลายงุ้ม27,,
22/04/2026 16:09:37,SG-02,477,1263142-11,,13:58,435,3,1,,,,,,,,,,,,,,2,432,-,-,,,,,,สุชาดา(ส้ม),,,ศักดิ์สิทธิ์,,ปลายงุ้ม2,,
23/04/2026 08:58:00,SG-02,477,1263145-03,,08:05,488,107,99,,,,,,,,,,,,,,8,381,-,-,,,,,,สุชาดา(ส้ม),,,ศักดิ์สิทธิ์,,โคนงุ้ม4 ปลายงุ้ม4,,
23/04/2026 09:16:28,SG-01,477,1263145-06,,09:10,526,11,1,,,,,,,,,,,,,,10,515,-,-,,,,,,...(เต้),,,ศักดิ์สิทธิ์,,ปลายงุ้ม10,,
23/04/2026 14:17:10,SG-02,477,1263145-07,,13:40,428,35,32,,,,,,,,,,,,,,3,393,-,-,,,,,,สุชาดา(ส้ม),,,ศักดิ์สิทธิ์,,โคนงุ้ม3,,
23/04/2026 14:19:08,SG-02,477,1263145-05,,10:36,459,19,5,,,,,,,,,,,,,,14,440,-,-,,,,,,สุชาดา(ส้ม),,,ศักดิ์สิทธิ์,,โคนงุ้ม7 ปลายงุ้ม7,,
23/04/2026 14:20:36,SG-01,477,1263145-08,,12:52,464,0,,,,,,,,,,,,,,,,464,-,-,,,,,,...(เต้),,,ศักดิ์สิทธิ์,,,,
24/04/2026,SG-02,477,1263145-02,,14:43,310,16,11,,,,,,,,,,,,,,5,294,-,-,,,,,,สุชาดา(ส้ม),,,ศักดิ์สิทธิ์,,โคนงุ้ม4 ปลายงุ้ม1  มีคัดแยกรอยลูกรีด 167 เล่ม,,
24/04/2026 15:45:33,SG-01,477,1263144-10,,15:22,475,19,7,,,,,,,,,,,,,,12,456,-,-,,,,,,...(เต้),,,ศักดิ์สิทธิ์,,โคนงุ้ม12,,
24/04/2026,SG-01,477,1263144-12,,18:42,484,27,22,,,,,,,,,,,,,,5,457,-,-,,,,,,...(เต้),,,ศักดิ์สิทธิ์,,ปลายงุ้ม5,,
25/04/2026 09:25:22,SG-01,477,1263145-01,,08:30,457,29,29,,,,,,,,,,,,,,,428,-,-,,,,,,...(เต้),,,ศักดิ์สิทธิ์,,,,
24/04/2026,SG-02,477,1263144-11,,19:23,481,80,77,,,,,,,,,,,,,,3,401,เปลี่ยน,เปลี่ยน,481,,,,,สุชาดา(ส้ม),,,ศักดิ์สิทธิ์,,โคนงุ้ม2 ปลายงุ้ม1,,
25/04/2026 17:05:50,SG-02,477,1263144-13,,11:14,500,16,2,,,,,,,,,,,,,,14,484,-,-,,,,,,สุชาดา(ส้ม),,,ศักดิ์สิทธิ์,,โคนงุ้ม14,,
25/04/2026 17:04:05,SG-02,477,1263117-01,,15:22,496,0,,,,,,,,,,,,,,,,496,-,-,,,,,,สุชาดา(ส้ม),,,ศักดิ์สิทธิ์,,,,
25/04/2026,SG-02,477,1263117-04,,18:59,477,47,,,,,,,,,,,,,,,47,430,-,-,,,,,,สุชาดา(ส้ม),,,ศักดิ์สิทธิ์,,โคนงุ้ม47,,
27/04/2026,SG-02,477,1263117-03,,10:00,483,19,3,,,,,,,,,,,,,,16,464,-,-,,,,,,สุชาดา(ส้ม),,,ศักดิ์สิทธิ์,,โคนงุ้ม12 ปลายงุ้ม4,,
25/04/2026 17:07:44,SG-01,477,1263146-10,,11:10,465,37,36,,,,,,,,,,,,,,1,428,-,-,,,,,,...(เต้),,,ศักดิ์สิทธิ์,,โคนงุ้ม1,,
25/04/2026 17:08:55,SG-01,477,1273145-04,,15:00,483,61,61,,,,,,,,,,,,,,,422,-,-,,,,,,...(เต้),,,ศักดิ์สิทธิ์,,,,
25/04/2026 13:29:51,SG-01,477,1263117-02,,18:15,470,112,107,,,,,,,,,,,,,,5,358,-,-,,,,,,...(เต้),,,ศักดิ์สิทธิ์,,ปลายงุ้ม5,,
27/04/2026 13:32:08,SG-01,477,1263146-05,,08:55,553,79,79,,,,,,,,,,,,,,,474,เปลี่ยน,เปลี่ยน,553,,,,,...(เต้),,,ศักดิ์สิทธิ์,,,,
27/04/2026 17:53:31,SG-02,477,1263146-08,,14:46,478,16,7,,,,,,,,,,,,,,9,462,-,-,,,,,,สุชาดา(ส้ม),,,ศักดิ์สิทธิ์,,โคนงุ้ม9,,
27/04/2026 17:55:41,SG-01,477,1263146-09,,15:14,546,2,,,,,,,,,,,,,,,2,544,-,-,,,,,,...(เต้),,,ศักดิ์สิทธิ์,,ปลายงุ้ม2,,
27/04/2026 18:34:02,SG-01,477,1263146-02,,18:05,482,2,2,,,,,,,,,,,,,,,480,-,-,,,,,,...(เต้),,,ศักดิ์สิทธิ์,,,,
27/04/2026 18:36:09,SG-02,477,1263146-07,,18:28,480,36,32,,,,,,,,,,,,,,4,444,-,-,,,,,,สุชาดา(ส้ม),,,ศักดิ์สิทธิ์,,ปลายงุ้ม4,,
28/04/2026 07:50:26,SG-01,477,1263146-04,,20:21,456,0,,,,,,,,,,,,,,,,456,-,-,,,,,,...(เต้),,,ศักดิ์สิทธิ์,,,,
28/04/2026 07:53:00,SG-02,477,1263146-03,,20:47,480,20,3,,,,,,,,,,,,,,17,460,-,-,,,,,,สุชาดา(ส้ม),,,ศักดิ์สิทธิ์,,โคนงุ้ม14 ปลายงุ้ม3,,
28/04/2026 12:40:58,SG-01,477,1264062-07,,06:52,456,12,4,,,,,,,,,,,,,,8,444,-,-,,,,,,...(เต้),,,ศักดิ์สิทธิ์,,โคนงุ้ม8,,
28/04/2026 12:45:26,SG-02,477,1263146-06,,10:50,447,16,9,,,,,,,,,,,,,,7,431,-,-,,,,,,สุชาดา(ส้ม),,,ศักดิ์สิทธิ์,,โคนงุ้ม7,,
28/04/2026 19:41:24,SG-02,477,1264061-13,,17:38,473,75,50,,,,,,,,,,,,,,25,398,-,-,,,,,,สุชาดา(ส้ม),,,ศักดิ์สิทธิ์,,โครงุ้ม25,,
28/04/2026 19:43:24,SG-02,477,1264062-01,,14:51,445,102,66,,,,,,,,,,,,,,36,343,-,-,,,,,,สุชาดา(ส้ม),,,ศักดิ์สิทธิ์,,โคนงุ้ม35 ปลายงุ้ม1,,
28/04/2026 19:44:54,SG-01,477,1264061-11,,16:33,473,30,10,,,,,,,,,,,,,,20,443,-,-,,,,,,...(เต้),,,ศักดิ์สิทธิ์,,ปลายงุ้ม20,,
28/04/2026 19:46:17,SG-01,477,1264062-06,,13:50,481,13,4,,,,,,,,,,,,,,9,468,-,-,,,,,,...(เต้),,,ศักดิ์สิทธิ์,,ปลายงุ้ม9,,
28/04/2026 19:47:42,SG-01,477,1264061-12,,19:42,465,39,27,,,,,,,,,,,,,,12,426,-,-,,,,,,...(เต้),,,ศักดิ์สิทธิ์,,โคนงุ้ม12,,
29/04/2026 10:05:23,SG-01,477,1264061-10,,09:12,445,48,39,,,,,,,,,,,,,,9,397,-,-,,,,,,...(เต้),,,ศักดิ์สิทธิ์,,โคนงุ้ม9,,
29/04/2026 10:10:40,SG-02,477,1263145-13,,09:30,477,29,3,,,,,,,,,,,,,,26,448,เปลี่ยน,เปลี่ยน,154,,,18:50,19:40,สุชาดา(ส้ม),,,ศักดิ์สิทธิ์,,โคนงุ้ม26,,
29/04/2026 12:42:00,SG-02,477,1263147-04,,11:10,226,0,,,,,,,,,,,,,,,,226,-,-,,,,,,สุชาดา(ส้ม),,,ศักดิ์สิทธิ์,,,,
29/04/2026 18:07:22,SG-01,477,1264062-03,,13:15,527,76,70,,,,,,,,,,,,,,6,451,-,-,,,,,,...(เต้),,,ศักดิ์สิทธิ์,,โคนงุ้ม6,,
29/04/2026 18:09:07,SG-01,477,1264062-04,,15:23,388,81,71,,,,,,,,,,,,,,10,307,-,-,,,,,,...(เต้),,,ศักดิ์สิทธิ์,,โคนงุ้ม10,,
29/04/2026 18:12:05,SG-02,477,1263147-03,,15:05,501,0,,,,,,,,,,,,,,,,501,-,-,,,,,,สุชาดา(ส้ม),,,ศักดิ์สิทธิ์,,,,
29/04/2026 18:16:10,SG-02,477,1263147-02,,18:11,507,0,,,,,,,,,,,,,,,,507,-,-,,,,,,สุชาดา(ส้ม),,,ศักดิ์สิทธิ์,,,,
30/04/2026 08:56:55,SG-02,477,1264061-03,,21:00,463,31,2,,,,,,,,,,,,,,29,432,-,-,,,,,,สุชาดา(ส้ม),,,ศักดิ์สิทธิ์,,โคนงุ้ม29,,
30/04/2026 08:58:58,SG-01,477,1264061-05,,08:05,379,15,,,,,,,,,,,,,,,15,364,-,-,,,,,,...(เต้),,,ศักดิ์สิทธิ์,,โคนงุ้ม15,,
30/04/2026 09:02:46,SG-01,477,1264061-02,,18:41,466,44,41,,,,,,,,,,,,,,3,422,เปลี่ยน,เปลี่ยน,466,,,18:45,20:00,...(เต้),,,ศักดิ์สิทธิ์,,โคนงุ้ม3,,
30/04/2026 13:59:10,SG-01,477,1264063-09,,10:45,474,19,3,,,,,,,,,,,,,,16,455,-,-,,,,,,...(เต้),,,ศักดิ์สิทธิ์,,โคนงุ้ม13 ปลายงุ้ม3,,
30/04/2026 14:01:15,SG-02,477,1264061-01,,13:00,445,28,2,,,,,,,,,,,,,,26,417,-,-,,,,,,สุชาดา(ส้ม),,,ศักดิ์สิทธิ์,,โคนงุ้ม26,,
30/04/2026 14:02:53,SG-02,477,1264061-04,,09:10,457,26,,,,,,,,,,,,,,,26,431,-,-,,,,,,สุชาดา(ส้ม),,,ศักดิ์สิทธิ์,,โคนงุ้ม24 ปลายงุ้ม2,,
02/05/2026 13:28:04,SG-01,477,1264063-08,,08:24,478,11,5,,,,,,,,,,,,,,6,467,-,-,,,,,,...(เต้),,,ศักดิ์สิทธิ์,,โคนงุ้ม6,,
02/05/2026 13:29:29,SG-01,477,1264061-06,,10:35,435,9,2,,,,,,,,,,,,,,7,426,-,-,,,,,,...(เต้),,,ศักดิ์สิทธิ์,,โคนงุ้ม7,,
02/05/2026 13:31:02,SG-02,477,1264061-07,,09:53,466,35,31,,,,,,,,,,,,,,4,431,-,-,,,,,,สุชาดา(ส้ม),,,ศักดิ์สิทธิ์,,ปลายงุ้ม4,,
02/05/2026 13:35:20,SG-02,477,1264064-06,,13:31,463,41,26,,,,,,,,,,,,,,15,422,-,-,,,,,,สุชาดา(ส้ม),,,ศักดิ์สิทธิ์,,โคนงุ้ม15,,
02/05/2026 19:59:07,SG-01,477,1264063-06,,19:55,487,4,3,,,,,,,,,,,,,,1,483,-,-,,,,,,...(เต้),,,ศักดิ์สิทธิ์,,โคนงุ้ม1,,
02/05/2026 20:01:06,SG-01,477,1264064-12,,13:30,506,38,34,,,,,,,,,,,,,,4,468,-,-,,,,,,...(เต้),,,ศักดิ์สิทธิ์,,โคนงุ้ม4,,
02/05/2026 20:08:11,SG-01,477,1263145-10,,14:30,474,11,11,,,,,,,,,,,,,,,463,-,-,,,,,,...(เต้),,,ศักดิ์สิทธิ์,,,,
02/05/2026 20:10:05,SG-02,477,1264064-09,,16:22,472,82,66,,,,,,,,,,,,,,16,390,-,-,,,,,,สุชาดา(ส้ม),,,ศักดิ์สิทธิ์,,โคนงุ้ม16,,
02/05/2026 20:11:46,SG-02,477,1264063-04,,20:02,477,117,101,,,,,,,,,,,,,,16,360,-,-,,,,,,สุชาดา(ส้ม),,,ศักดิ์สิทธิ์,,โคนงุ้ม14 ปลายงุ้ม2,,
04/05/2026 15:12:52,SG-01,477,1264064-03,,08:55,576,34,33,,,,,,,,,,,,,,1,542,-,-,,,,,,...(เต้),,,ศักดิ์สิทธิ์,,โคนงุ้ม1,,
04/05/2026 15:14:03,SG-01,477,1263146-01,,11:10,417,89,89,,,,,,,,,,,,,,,328,-,-,,,,,,...(เต้),,,ศักดิ์สิทธิ์,,,,
04/05/2026 15:15:58,SG-02,477,1264064-02,,13:14,488,44,,,,,,,,,,,,,,,44,444,-,-,,,,,,สุชาดา(ส้ม),,,ศักดิ์สิทธิ์,,โครงุ้ม44,,
04/05/2026 15:18:38,SG-02,477,1264064-01,,09:30,512,16,1,,,,,,,,,,,,,,15,496,เปลี่ยน,เปลี่ยน,28,,,20:15,21:10,สุชาดา(ส้ม),,,ศักดิ์สิทธิ์,,โคนงุ้ม15,,
04/05/2026 15:21:10,SG-01,477,1264063-07,,15:11,494,112,112,,,,,,,,,,,,,,,382,-,-,,,,,,...(เต้),,,ศักดิ์สิทธิ์,,,,
04/05/2026 20:17:02,SG-01,477,1264066-01,,19:42,492,76,60,,,,,,,,,,,,,,16,416,เปลี่ยน,เปลี่ยน,345,,,17:50,19:00,...(เต้),,,ศักดิ์สิทธิ์,,โคนงุ้ม10 ปลายงุ้ม6,,
04/05/2026 20:19:22,SG-02,477,1264063-05,,16:06,487,35,7,,,,,,,,,,,,,,28,452,-,-,,,,,,สุชาดา(ส้ม),,,ศักดิ์สิทธิ์,,โคนงุ้ม28,,
04/05/2026 20:20:48,SG-02,477,1264065-11,,19:17,493,21,3,,,,,,,,,,,,,,18,472,-,-,,,,,,สุชาดา(ส้ม),,,ศักดิ์สิทธิ์,,โคนงุ้ม18,,
05/05/2026 12:48:31,SG-01,477,1264063-01,,10:58,483,25,9,,,,,,,,,,,,,,16,458,-,-,,,,,,...(เต้),,,ศักดิ์สิทธิ์,,โคนงุ้ม16,,
05/05/2026 13:05:08,SG-01,477,1264065-07,,08:13,492,18,5,,,,,,,,,,,,,,13,474,-,-,,,,,,สุชาดา(ส้ม),,,ศักดิ์สิทธิ์,,โคนงุ้ม13,,
05/05/2026 13:08:28,SG-02,477,1264062-11,,08:08,485,25,2,,,,,,,,,,,,,,23,460,-,-,,,,,,สุชาดา(ส้ม),,,ศักดิ์สิทธิ์,,โคนงุ้ม23,,
05/05/2026 13:09:51,SG-02,477,1264062-12,,10:37,436,25,,,,,,,,,,,,,,,25,411,-,-,,,,,,สุชาดา(ส้ม),,,ศักดิ์สิทธิ์,,โคนงุ้ม25,,
05/05/2026 19:40:02,SG-01,477,1264065-03,,18:05,448,39,15,,,,,,,,,,,,,,24,409,-,-,,,,,,...(เต้),,,ศักดิ์สิทธิ์,,โคนงุ้ม16 ปลายงุ้ม8,,
05/05/2026 19:41:52,SG-01,477,1264062-13,,15:05,475,39,16,,,,,,,,,,,,,,23,436,-,-,,,,,,...(เต้),,,ศักดิ์สิทธิ์,,ปลายงุ้ม5 โคนงุ้ม18,,
05/05/2026 19:44:46,SG-02,477,1264065-06,,18:00,499,63,28,,,,,,,,,,,,,,35,436,-,-,,,,,,สุชาดา(ส้ม),,,ศักดิ์สิทธิ์,,โคนงุ้ม35,,
05/05/2026 19:46:15,SG-02,477,1264065-04,,14:40,477,40,4,,,,,,,,,,,,,,36,437,-,-,,,,,,สุชาดา(ส้ม),,,ศักดิ์สิทธิ์,,โคนงุ้ม36,,
06/05/2026 13:01:37,SG-02,477,1264065-12,,20:25,476,29,14,,,,,,,,,,,,,,15,447,-,-,,,,,,สุชาดา(ส้ม),,,ศักดิ์สิทธิ์,,โคนงุ้ม15,,
06/05/2026 13:04:13,SG-02,477,1264064-05,,10:12,480,37,21,,,,,,,,,,,,,,16,443,เปลี่ยน,เปลี่ยน,211,,,07:40,08:49,สุชาดา(ส้ม),,,ศักดิ์สิทธิ์,,โคนงุ้ม16,,
06/05/2026 13:05:59,SG-01,477,1264062-09,,09:05,488,68,15,,,,,,,,,,,,,,53,420,-,-,,,,,,...(เต้),,,ศักดิ์สิทธิ์,,โคนงุ้ม53,,
06/05/2026 13:07:43,SG-01,477,1264065-05,,20:27,465,29,10,,,,,,,,,,,,,,19,436,-,-,,,,,,...(เต้),,,ศักดิ์สิทธิ์,,โคนงุ้ม19,,
06/05/2026 13:09:34,SG-01,477,126403-12,,12:40,491,46,31,,,,,,,,,,,,,15,,445,-,-,,,,,,...(เต้),,,ศักดิ์สิทธิ์,,โคนงุ้ม15,,
06/05/2026 18:50:04,SG-02,477,1264181-04,,16:15,493,50,,,,,,,,,,,,,,,50,443,-,-,,,,,,สุชาดา(ส้ม),,,ศักดิ์สิทธิ์,,โคนงุ้ม50,,
06/05/2026 18:51:29,SG-02,477,1264064-13,,13:53,506,79,,,,,,,,,,,,,,,79,427,-,-,,,,,,สุชาดา(ส้ม),,,ศักดิ์สิทธิ์,,โคนงุ้ม79,,
06/05/2026 18:53:31,SG-01,477,1264181-06,,15:20,494,21,9,,,,,,,,,,,,,,12,473,,,,,,,,...(เต้),,,ศักดิ์สิทธิ์,,โคนงุ้ม10 ปลายงุ้ม2,,
06/05/2026 18:55:04,SG-01,477,1264181-02,,18:40,485,58,28,,,,,,,,,,,,,,30,427,,,,,,,,...(เต้),,,ศักดิ์สิทธิ์,,โคนงุ้ม30,,
07/05/2026 09:32:09,SG-01,477,1464181-10,,21:45,528,76,47,,,,,,,,,,,,,,29,452,,,,,,,,...(เต้),,,ศักดิ์สิทธิ์,,โคนงุ้ม22 ปลายงุ้ม7,,
07/05/2026 09:37:03,SG-02,477,1264181-01,,08:07,490,58,1,,,,,,,,,,,,,,57,432,-,-,,,,,,สุชาดา(ส้ม),,,ศักดิ์สิทธิ์,,โคนงุ้ม57,,
07/05/2026 09:40:47,SG-02,477,1264181-09,,19:15,484,43,,,,,,,,,,,,,,,43,441,-,-,,,,,,สุชาดา(ส้ม),,,ศักดิ์สิทธิ์,,โคนงุ้ม43,,
07/05/2026 13:21:33,SG-02,477,1264181-03,,11:07,527,54,,,,,,,,,,,,,,,54,473,-,-,,,,,,สุชาดา(ส้ม),,,ศักดิ์สิทธิ์,,โคนงุ้ม48 ปลายงุ้ม6,,
07/05/2026 13:23:29,SG-01,477,1264063-02,,12:45,476,35,15,,,,,,,,,,,,,,20,441,เปลี่ยน,เปลี่ยน,345,,,,,...(เต้),,,ศักดิ์สิทธิ์,,ปลายงุ้ม4 โคนงุ้ม16,,
07/05/2026 17:49:04,SG-02,477,1264062-10,,15:09,480,27,8,,,,,,,,,,,,,,19,453,-,-,,,,,,สุชาดา(ส้ม),,,ศักดิ์สิทธิ์,,โคนงุ้ม19,,
07/05/2026 17:51:25,SG-01,477,1264063-03,,15:25,491,29,6,,,,,,,,23,,,,,,,462,-,-,,,,,,...(เต้),,,ศักดิ์สิทธิ์,,ปลายงุ้ม2 โคนงุ้ม21,,
07/05/2026 21:00:40,SG-02,477,1264182-02,,18:22,470,55,8,,,,,,,,,,,,,,47,415,-,-,,,,,,สุชาดา(ส้ม),,,ศักดิ์สิทธิ์,,โครงุ้ม44 ปลายงุ้ม3,,
07/05/2026 21:02:42,SG-02,477,1264182-04,,20:51,473,58,2,,,,,,,,,,,,,,56,415,-,-,,,,,,สุชาดา(ส้ม),,,ศักดิ์สิทธิ์,,โคนงุ้ม55 ปลายงุ้ม1,,
07/05/2026 21:06:04,SG-01,477,1264182-05,,18:32,499,22,14,,,,,,,,,,,,,,8,477,-,-,,,,,,...(เต้),,,ศักดิ์สิทธิ์,,โคนงุ้ม8,,
07/05/2026 21:08:12,SG-01,477,1264182-01,,21:00,488,16,7,,,,,,,,,,,,,,9,472,-,-,,,,,,...(เต้),,,ศักดิ์สิทธิ์,,โคนงุ้ม7 ปลายงุ้ม2,,
08/05/2026 13:52:30,SG-02,477,1264182-06,,08:30,458,63,43,,,,,,,,,,,,,,20,395,เปลี่ยน,เปลี่ยน,458,,,,,สุชาดา(ส้ม),,,ศักดิ์สิทธิ์,,โคนงุ้ม17 ปลายงุ้ม3,,
08/05/2026 13:54:12,SG-01,477,1264065-13,,13:05,478,25,21,,,,,,,,,,,,,,4,453,-,-,,,,,,...(เต้),,,ศักดิ์สิทธิ์,,โคนงุ้ม4,,
08/05/2026 13:56:05,SG-01,477,1264065-08,,13:45,468,69,47,,,,,,,,,,,,,,22,399,-,-,,,,,,...(เต้),,,ศักดิ์สิทธิ์,,โคนงุ้ม21 ปลายงุ้ม1,,
08/05/2026 19:20:51,SG-01,477,1264066-03,,19:05,468,22,9,,,,,,,,,,,,,,13,446,-,-,,,,,,...(เต้),,,ศักดิ์สิทธิ์,,โคนงุ้ม3 ปลายงุ้ม10,,
08/05/2026 19:22:27,SG-01,477,12864064-07,,16:05,477,14,10,,,,,,,,,,,,,,4,463,,,,,,,,...(เต้),,,ศักดิ์สิทธิ์,,โคนงุ้ม3 ปลายงุ้ม1,,
09/05/2026 09:27:45,SG-01,477,1264183-01,08/05/2026,21:35,494,38,30,,,,,,,,,,,,,,8,456,-,-,,,,,,...(เต้),,,ศักดิ์สิทธิ์,,ปลายงุ้ย1 โคนงุ้ม7,,
09/05/2026 14:43:50,SG-01,477,1264183-05,,10:20,480,38,30,,,,,,,,,,,,,,8,442,,,,,,,,...(เต้),,,ศักดิ์สิทธิ์,,โคนงุ้ม4 ปลายงุ้ม4,,
09/05/2026 14:43:52,SG-02,147,1264161-02,,11:20,480,0,,,,,,,,,,,,,,,,480,เปลี่ยน,เปลี่ยน,0,,,,,สุชาดา(ส้ม),,,ศักดิ์สิทธิ์,,คัดเฉพาะงานบาง เพราะต่อสถานีลับคมด้วยมือ ไม่จำเป็นต้องแยกงานหนา,,
09/05/2026 14:45:25,SG-01,477,1264183-11,,14:17,489,49,45,,,,,,,,,,,,,,4,440,-,-,,,,,,...(เต้),,,ศักดิ์สิทธิ์,,โคนงุ้ม4,,
09/05/2026 14:45:40,SG-02,147,1264161,,14:14,157,0,,,,,,,,,,,,,,,,157,-,-,,,,,,สุชาดา(ส้ม),,,ศักดิ์สิทธิ์,,งานรอยขีดข่วน จะไม่มีเลขลอต 2 หลักสุดท้าย คัดแยกเฉพาะงานบาง,,
09/05/2026 20:31:22,SG-02,147,1264161-08,,16:05,283,0,,,,,,,,,,,,,,,,283,-,-,,,,,,สุชาดา(ส้ม),,,ศักดิ์สิทธิ์,,,,
09/05/2026 20:33:01,SG-01,477,1264183-10,,18:25,502,46,40,,,,,,,,,,,,,,6,456,เปลี่ยน,เปลี่ยน,254,,,,,...(เต้),,,ศักดิ์สิทธิ์,,โคนงุ้ม3 ปลายงุ้ม3,,
11/05/2026 10:03:21,SG-01,477,1264183-04,,09:45,477,17,2,,,,,,,,,,,,,,15,460,-,-,,,,,,...(เต้),,,ศักดิ์สิทธิ์,,โคนงุ้ม13 ปลายงุ้ม2,,
11/05/2026 10:04:45,SG-01,477,1264183-08,,21:00,487,17,6,,,,,,,,,,,,,,11,470,-,-,,,,,,...(เต้),,,ศักดิ์สิทธิ์,,โคนงุ้ม11,,
11/05/2026 10:26:08,SG-02,147,1264161-01,,10:10,485,0,,,,,,,,,,,,,,,,485,เปลี่ยน,เปลี่ยน,485,,,,,สุชาดา(ส้ม),,,ศักดิ์สิทธิ์,,,,
11/05/2026 10:28:16,SG-02,147,1264161-04,09/05/2026,21:00,461,0,,,,,,,,,,,,,,,,461,,,,,,,,สุชาดา(ส้ม),,,ศักดิ์สิทธิ์,,,,
11/05/2026 14:44:34,SG-01,477,1264184-13,,13:35,510,6,,,,,,,,,,,,,,,6,504,-,-,,,,,,...(เต้),,,ศักดิ์สิทธิ์,,โคนงุ้ม6,,
11/05/2026 19:19:48,SG-01,477,1264183-13,,16:10,485,7,,,,,,,,,,,,,,,7,478,-,-,,,,,,...(เต้),,,ศักดิ์สิทธิ์,,โคนงุ้ม7,,
11/05/2026 19:20:51,SG-01,477,1264183-07,,19:05,458,16,4,,,,,,,,,,,,,,12,442,-,-,,,,,,...(เต้),,,ศักดิ์สิทธิ์,,โคนงุ้ม12,,
11/05/2026 19:22:09,SG-02,147,1264161-07,,19:09,501,0,,,,,,,,,,,,,,,,501,,,,,,,,สุชาดา(ส้ม),,,ศักดิ์สิทธิ์,,,,
11/05/2026 19:23:08,SG-02,147,1264161-03,,15:25,520,0,,,,,,,,,,,,,,,,520,-,-,,,,,,สุชาดา(ส้ม),,,ศักดิ์สิทธิ์,,,,
12/05/2026 12:48:11,SG-02,147,1264161-06,,08:17,493,0,,,,,,,,,,,,,,,,493,-,-,,,,,,สุชาดา(ส้ม),,,ศักดิ์สิทธิ์,,,,
12/05/2026 12:49:42,SG-02,147,1264161-05,,12:43,496,0,,,,,,,,,,,,,,,,496,เปลี่ยน,เปลี่ยน,496,,,,,สุชาดา(ส้ม),,,ศักดิ์สิทธิ์,,,,
12/05/2026 12:51:24,SG-01,477,1264183-06,,21:05,406,11,9,,,,,,,,,,,,,,2,395,-,-,,,,,,...(เต้),,,ศักดิ์สิทธิ์,,โคนงุ้ม2,,
12/05/2026 12:52:54,SG-01,477,1264185-06,,10:17,483,32,23,,,,,,,,,,,,,,9,451,-,-,,,,,,...(เต้),,,ศักดิ์สิทธิ์,,โคนงุ้ม9,,
12/05/2026 14:41:04,SG-01,477,1264184-08,,13:58,487,12,5,,,,,,,,,,,,,,7,475,-,-,,,,,,...(เต้),,,ศักดิ์สิทธิ์,,โคนงุ้ม6 ปลายงุ้ม1,,
12/05/2026 19:36:05,SG-02,477,1264184-10,,17:49,423,21,,,,,,,,,,,,,,,21,402,เปลี่ยน,เปลี่ยน,0,,,,,สุชาดา(ส้ม),,,ศักดิ์สิทธิ์,,โคนงุ้ม18 ปลายงุ้ม3,,
12/05/2026 19:41:02,SG-01,477,1264184-02,,17:12,496,30,21,,,,,,,,,,,,,,9,466,-,-,,,,,,...(เต้),,,ศักดิ์สิทธิ์,,ปลายงุ้ม6 โคนงุ้ม3,,
13/05/2026 09:47:31,SG-01,477,1264184-11,,20:05,500,54,52,,,,,,,,,,,,,,2,446,เปลี่ยน,เปลี่ยน,269,,,07:40,08:50,...(เต้),,,ศักดิ์สิทธิ์,,โคนงุ้ม2,,
13/05/2026 09:49:26,SG-02,477,1264182-10,,21:03,479,42,,,,,,,,,,,,,,,42,437,-,-,,,,,,สุชาดา(ส้ม),,,ศักดิ์สิทธิ์,,โคนงุ้ม37 ปลายงุ้ม5,,
13/05/2026 12:41:50,SG-02,477,1264183-03,13/05/2026,10:10,482,26,,,,,,,,,,,,,,,26,456,-,-,,,,,,สุชาดา(ส้ม),,,ศักดิ์สิทธิ์,,โคนงุ้ม22 ปลายงุ้ม4,,
13/05/2026 12:44:17,SG-01,477,1264184-03,13/05/2026,10:10,459,80,48,,,,,,,,,,,,,,32,379,-,-,,,,,,...(เต้),,,ศักดิ์สิทธิ์,,โคนงุ้ม12 ปลายงุ่ม20,,
13/05/2026 14:56:33,SG-02,477,1264185-01,13/05/2026,14:26,481,31,,,,,,,,,,,,,,,31,450,-,-,,,,,,สุชาดา(ส้ม),,,ศักดิ์สิทธิ์,,โคนงุ้ม27 ปลายงุ้ม4,,
13/05/2026 15:02:24,SG-01,477,1264185-02,13/05/2026,13:52,486,17,9,,,,,,,,,,,,,,8,469,-,-,,,,,,...(เต้),,,ศักดิ์สิทธิ์,,โคนงุ้ม4 ปลายงุ้ม4,,
13/05/2026 19:20:39,SG-02,477,1264185-03,13/05/2026,17:50,496,32,7,,,,,,,,,,,,,,25,464,-,-,,,,,,สุชาดา(ส้ม),,,ศักดิ์สิทธิ์,,โคนงุ้ม25,,
13/05/2026 19:23:01,SG-01,477,1264183-12,13/05/2026,16:25,494,23,15,,,,,,,,,,,,,,8,471,-,-,,,,,,...(เต้),,,ศักดิ์สิทธิ์,,โคนงุ้ม8,,
13/05/2026 20:05:16,SG-01,477,1265021-10,13/05/2026,19:15,426,39,16,,,,,,,,,,,,,,23,387,-,-,,,,,,...(เต้),,,ศักดิ์สิทธิ์,,โคนงุ้ม7 ปลายงุ้ม16,,
14/05/2026 10:29:08,SG-02,477,1262062,13/05/2026,20:53,500,0,,,,,,,,,,,,,,,,500,-,-,,,,,,สุชาดา(ส้ม),,,ศักดิ์สิทธิ์,,,,
14/05/2026 10:33:05,SG-02,477,1263015,14/05/2026,10:00,524,0,,,,,,,,,,,,,,,,524,-,-,,,,,,สุชาดา(ส้ม),,,ศักดิ์สิทธิ์,,,,
14/05/2026 10:35:44,SG-01,477,1264064,14/05/2026,20:30,218,14,8,,,,,,,,,,,,,,6,204,-,-,,,,,,...(เต้),,,ศักดิ์สิทธิ์,,โคนงุ้ม6,,
14/05/2026 10:41:02,SG-01,477,126307,14/05/2026,09:05,476,32,18,,,,,,,,,,,,,,14,444,-,-,,,,,,...(เต้),,,ศักดิ์สิทธิ์,,โคนงุ้ม14,,
14/05/2026 15:08:21,SG-02,477,125B06,14/05/2026,14:10,490,0,,,,,,,,,,,,,,,,490,-,-,,,,,,สุชาดา(ส้ม),,,ศักดิ์สิทธิ์,,,,
14/05/2026 15:12:20,SG-01,477,1263116,14/05/2026,13:10,513,21,10,,,,,,,,,,,,,,11,492,-,-,,,,,,...(เต้),,,ศักดิ์สิทธิ์,,โคนงุ้ม11,,
14/05/2026 20:06:24,SG-01,477,1264061,14/05/2026,15:35,443,41,19,,,,,,,,,,,,,,22,402,-,-,,,,,,...(เต้),,,ศักดิ์สิทธิ์,,โคนงุ้ม22,,
14/05/2026 20:08:21,SG-01,477,1264184,14/05/2026,18:52,514,29,16,,,,,,,,,,,,,,13,485,-,-,,,,,,...(เต้),,,ศักดิ์สิทธิ์,,ปลายงุ้ม5 โคนงุ้ม8,,
14/05/2026 20:09:44,SG-02,477,1263142,14/05/2026,19:03,533,0,,,,,,,,,,,,,,,,533,-,-,,,,,,สุชาดา(ส้ม),,,ศักดิ์สิทธิ์,,,,
15/05/2026 12:31:19,SG-02,477,126314,14/05/2026,21:41,497,0,,,,,,,,,,,,,,,,497,-,-,,,,,,สุชาดา(ส้ม),,,ศักดิ์สิทธิ์,,,,
15/05/2026 12:37:41,SG-01,477,126314,15/05/2026,10:05,585,80,53,,,,,,,,,,,,,,27,505,-,-,,,,,,...(เต้),,,ศักดิ์สิทธิ์,,ปลายงุ้ม17 โคนงุ้ม10,,
15/05/2026 12:35:47,SG-01,477,1263146,14/05/2026,21:10,475,14,14,,,,,,,,,,,,,,,461,-,-,,,,,,...(เต้),,,ศักดิ์สิทธิ์,,,,
15/05/2026 19:30:23,SG-01,477,126314,15/05/2026,14:20,625,120,120,,,,,,,,,,,,,,,505,-,-,,,,,,...(เต้),,,ศักดิ์สิทธิ์,,,,
15/05/2026 19:35:07,SG-01,477,1265024-07,15/05/2026,18:56,519,131,79,,,,,,,,,,,,,,52,388,เปลี่ยน,เปลี่ยน,283,,,15:50,16:40,...(เต้),,,ศักดิ์สิทธิ์,,ปลายงุ้ม52,,
16/05/2026 09:03:57,SG-01,477,1265025-01,15/05/2026,21:25,443,32,20,,,,,,,,,,,,,,12,411,-,-,,,,,,...(เต้),,,ศักดิ์สิทธิ์,,โคนงุ้ม4 ปลายงุ้ม8,,
15/05/2026 12:33:09,SG-02,477,126311,15/05/2026,10:29,450,0,,,,,,,,,,,,,,,,450,-,-,,,,,,สุชาดา(ส้ม),,,ศักดิ์สิทธิ์,,,,
15/05/2026 19:26:37,SG-02,477,126311,15/05/2026,14:52,483,0,,,,,,,,,,,,,,,,483,เปลี่ยน,เปลี่ยน,156,,,,,สุชาดา(ส้ม),,,ศักดิ์สิทธิ์,,,,
15/05/2026 19:27:39,SG-02,477,126311,15/05/2026,18:23,453,0,,,,,,,,,,,,,,,,453,-,-,,,,,,สุชาดา(ส้ม),,,ศักดิ์สิทธิ์,,,,
16/05/2026 09:01:42,SG-02,477,1265025-02,15/05/2026,21:20,459,0,,,,,,,,,,,,,,,,459,-,-,,,,,,สุชาดา(ส้ม),,,ศักดิ์สิทธิ์,,โคนงุ้ม10,,
16/05/2026 15:02:00,SG-02,477,1264185-11,16/05/2026,14:35,477,20,,,,,,,,,,,,,,,20,457,-,-,,,,,,สุชาดา(ส้ม),,,ศักดิ์สิทธิ์,,โคนงุ้ม19 ปลายงุ้ม1,,
16/05/2026 15:03:43,SG-02,477,1265025-03,16/05/2026,10:20,501,0,,,,,,,,,,,,,,,,501,-,-,,,,,,สุชาดา(ส้ม),,,ศักดิ์สิทธิ์,,,,
16/05/2026 15:23:16,SG-01,477,1265025-08,16/05/2026,14:55,462,74,14,,,,,,,,,,,,,,60,388,-,-,,,,,,...(เต้),,,ศักดิ์สิทธิ์,,ปลายงุ้ม35 โคนงุ้ม3 คลื่น22,,
16/05/2026 15:24:53,SG-01,477,1265024-10,16/05/2026,10:05,449,29,2,,,,,,,,,,,,,,27,420,-,-,,,,,,...(เต้),,,ศักดิ์สิทธิ์,,ปลายงุ้ม27,,
16/05/2026 20:08:15,SG-02,477,1265024-06,16/05/2026,18:16,43,9,,,,,,,,,,,,,,,9,34,-,-,,,,,,สุชาดา(ส้ม),,,ศักดิ์สิทธิ์,,โคนงุ้ม9,,
16/05/2026 20:10:21,SG-01,477,1265024-02,16/05/2026,18:22,473,34,4,,,,,,,,,,,,,,30,439,-,-,,,,,,...(เต้),,,ศักดิ์สิทธิ์,,ปลายงุ้ม7 คลื่น 23,,
18/05/2026 12:43:17,SG-02,477,1265024-04,16/05/2026,21:01,453,17,12,,,,,,,,,,,,,,5,436,-,-,,,,,,สุชาดา(ส้ม),,,ศักดิ์สิทธิ์,,โคนงุ้ม5,,
18/05/2026 12:45:50,SG-02,477,1265025-06,18/05/2026,10:00,449,11,7,,,,,,,,,,,,,,4,438,-,-,,,,,,สุชาดา(ส้ม),,,ศักดิ์สิทธิ์,,โคนงุ้ม1 ปลายงุ้ม3,,
18/05/2026 12:50:27,SG-01,477,1265024-08,18/05/2026,10:10,467,54,20,,,,,,,,,,,,,,34,413,-,-,,,,,,...(เต้),,,ศักดิ์สิทธิ์,,คลื่น6 ปลายงุ้ม28,,
18/05/2026 12:52:13,SG-01,477,1265024-11,16/05/2026,20:59,450,32,10,,,,,,,,,,,,,,22,418,-,-,,,,,,...(เต้),,,ศักดิ์สิทธิ์,,ปลายงุ้ม9 คลื่น13,,
18/05/2026 14:29:12,SG-02,477,1264185-10,18/05/2026,14:02,471,38,27,,,,,,,,,,,,,,11,433,-,-,,,,,,สุชาดา(ส้ม),,,ศักดิ์สิทธิ์,,โคนงุ้ม11,,
18/05/2026 14:35:03,SG-01,477,1265025-05,18/05/2026,14:15,460,54,29,,,,,,,,,,,,,,25,406,-,-,,,,,,...(เต้),,,ศักดิ์สิทธิ์,,โคนงุ้ม2 ปลายงุ้ม23,,
18/05/2026 19:58:05,SG-01,477,126502,18/05/2026,17:55,491,67,54,,,,,,,,,,,,,,13,424,-,-,,,,,,...(เต้),,,ศักดิ์สิทธิ์,,ปลายงุ้ม11 โคนงุ้ม2,,
18/05/2026 20:02:12,SG-02,477,1265021-08,18/05/2026,19:30,438,68,63,,,,,,,,,,,,,,5,370,-,-,,,,,,สุชาดา(ส้ม),,,ศักดิ์สิทธิ์,,โคนงุ้ม5,,
18/05/2026 20:07:26,SG-02,477,1265021-02,18/05/2026,16:00,301,16,12,,,,,,,,,,,,,,4,285,-,-,,,,,,สุชาดา(ส้ม),,,ศักดิ์สิทธิ์,,โคนงุ้ม4,,
19/05/2026 12:55:58,SG-02,477,1265023-13,19/05/2026,09:00,459,105,93,,,,,,,,,,,,,,12,354,เปลี่ยน,เปลี่ยน,376,,,07:40,08:30,สุชาดา(ส้ม),,,ศักดิ์สิทธิ์,,โคนงุ่ม10 ปลายงุ้ม2,,
19/05/2026 13:00:42,SG-01,477,1265021-09,19/05/2026,10:25,482,79,47,,,,,,,,,,,,,,32,403,-,-,,,,,,...(เต้),,,ศักดิ์สิทธิ์,,ปลายงุ้ม32,,
19/05/2026 13:03:02,SG-01,477,1265021-07,18/05/2026,20:38,504,90,65,,,,,,,,,,,,,,25,414,-,-,,,,,,...(เต้),,,ศักดิ์สิทธิ์,,ปลายงุ้ม25,,
19/05/2026 16:00:56,SG-02,477,1265022-12,19/05/2026,13:15,457,0,,,,,,,,,,,,,,,,457,-,-,,,,,,สุชาดา(ส้ม),,,ศักดิ์สิทธิ์,,,,
20/05/2026 08:36:13,SG-02,477,1265022-11,19/05/2026,16:30,483,47,,,,,,,,,,,,,,,47,436,-,-,,,,,,สุชาดา(ส้ม),,,ศักดิ์สิทธิ์,,โคนงุ้ม24 ปลายงุ้ม23,,
20/05/2026 08:49:38,SG-01,477,1265071-06,20/05/2026,08:08,492,45,21,,,,,,,,,,,,,,24,447,-,-,,,,,,...(รัตนา),,,ศักดิ์สิทธิ์,,โคนงุ้ม22 ปลายงุ้ม21,,
20/05/2026 14:32:13,SG-02,477,1265071-04,20/05/2026,14:18,486,41,11,,,,,,,,,,,,,,30,445,-,-,,,,,,สุชาดา(ส้ม),,,ศักดิ์สิทธิ์,,โคนงุ้ม30,,
20/05/2026 14:34:38,SG-02,477,1265071-03,20/05/2026,10:31,500,26,,,,,,,,,,,,,,,26,474,-,-,,,,,,สุชาดา(ส้ม),,,ศักดิ์สิทธิ์,,โคนงุ้ม26,,
20/05/2026 14:41:05,SG-01,477,1265071-05,20/05/2026,13:02,480,55,15,,,,,,,,,,,,,,40,425,เปลี่ยน,เปลี่ยน,217,,,,,...(รัตนา),,,ศักดิ์สิทธิ์,,โคนงุ้ม32 ปลายงุ้ม5 คลื่น3,,
20/05/2026 18:44:45,SG-01,477,1265071-07,20/05/2026,17:50,492,45,25,,,,,,,,,,,,,,20,447,,,,,,,,...(รัตนา),,,ศักดิ์สิทธิ์,,ปลายงุ้ม3 คลื่น17,,
20/05/2026 18:49:06,SG-02,477,1265071-02,20/05/2026,17:57,482,43,10,,,,,,,,,,,,,,33,439,-,-,,,,,,สุชาดา(ส้ม),,,ศักดิ์สิทธิ์,,โคนงุ้ม31 ปลายงุ้ม2,,
21/05/2026 08:12:17,SG-02,477,1265071-08,20/05/2026,21:13,578,53,22,,,,,,,,,,,,,,31,525,-,-,,,,,,สุชาดา(ส้ม),,,ศักดิ์สิทธิ์,,โคนงุ้ม31,,
21/05/2026 08:17:53,SG-01,477,1265025,20/05/2026,20:06,392,71,10,,,,,,,,,,,,,,61,321,-,-,,,,,,...(รัตนา),,,ศักดิ์สิทธิ์,,ปลายงุ้ม52 คลื่น9,,
21/05/2026 13:56:18,SG-01,477,1265071-10,21/05/2026,13:10,485,20,9,,,,,,,,,,,,,,11,465,-,-,,,,,,...(รัตนา),,,ศักดิ์สิทธิ์,,โคนงุ้ม11,,
21/05/2026 13:58:35,SG-01,477,1265071-11,21/05/2026,09:05,485,22,8,,,,,,,,,,,,,,14,463,-,-,,,,,,...(รัตนา),,,ศักดิ์สิทธิ์,,โคนงุ้ม14,,
21/05/2026 14:00:56,SG-02,477,1265071-09,21/05/2026,10:33,495,30,12,,,,,,,,,,,,,,18,465,-,-,,,,,,สุชาดา(ส้ม),,,ศักดิ์สิทธิ์,,โคนงุ้ม15ปลายงุ้ม3,,
21/05/2026 15:27:20,SG-02,477,1264185-12,21/05/2026,15:22,490,87,44,,,,,,,,,,,,,,43,403,-,-,,,,,,สุชาดา(ส้ม),,,ศักดิ์สิทธิ์,,โคนงุ้ม32 ปลายงุ้ม11,,
21/05/2026 18:48:35,SG-01,477,1264185-09,21/05/2026,15:50,487,43,19,,,,,,,,,,,,,,24,444,-,-,,,,,,...(รัตนา),,,ศักดิ์สิทธิ์,,ปลายงุ้ม1 โคนงุ้ม9 คลื่น14,,
21/05/2026 19:15:42,SG-02,477,1265071-01,21/05/2026,19:12,476,49,15,,,,,,,,,,,,,,34,427,-,-,,,,,,สุชาดา(ส้ม),,,ศักดิ์สิทธิ์,,โคนงุ้ม16 ปลายงุ้ม18,,
22/05/2026 08:22:48,SG-02,477,1264185-08,22/05/2026,08:13,493,113,94,,,,,,,,,,,,,,19,380,-,-,,,,,,...(รัตนา),,,ศักดิ์สิทธิ์,,โคนงุ้ม18ปลายงุ้ม1,,
22/05/2026 08:24:14,SG-01,477,126502,22/05/2026,08:19,525,0,,,,,,,,,,,,,,,,525,-,-,,,,,,สุชาดา(ส้ม),,,ศักดิ์สิทธิ์,,,,
22/05/2026 08:29:35,SG-01,477,1265021-06,21/05/2026,19:35,463,41,32,,,,,,,,,,,,,,9,422,-,-,,,,,,...(รัตนา),,,ศักดิ์สิทธิ์,,โคนงุ้ม7 ปลายงุ้ม1,,
22/05/2026 12:52:22,SG-01,477,1265021-05,22/05/2026,10:58,462,58,40,,,,,,,,,,,,,,18,404,-,-,,,,,,สุชาดา(ส้ม),,,ศักดิ์สิทธิ์,,โคนงุ้ม18,,
22/05/2026 17:31:04,SG-01,477,1264185-05,22/05/2026,14:56,482,77,67,,,,,,,,,,,,,,10,405,-,-,,,,,,สุชาดา(ส้ม),,,ศักดิ์สิทธิ์,,โคนงุ้ม10,,
22/05/2026 17:37:47,SG-02,477,1264185-13,22/05/2026,13:18,503,141,114,,,,,,,,,,,,,,27,362,เปลี่ยน,เปลี่ยน,341,,,10:28,11:30,...(รัตนา),,,ศักดิ์สิทธิ์,,โครงุ้ม17 ปลายงุ้ม10,,
22/05/2026 17:40:14,SG-02,477,1265071-11,22/05/2026,16:10,492,58,6,,,,,,,,,,,,,,52,434,-,-,,,,,,...(รัตนา),,,ศักดิ์สิทธิ์,,โคนงุ้ม17 ปลายงุ้ม35,,
22/05/2026 21:02:04,SG-02,477,1265026-06,22/05/2026,18:45,283,46,15,,,,,,,,,,,,,,31,237,-,-,,,,,,...(รัตนา),,,ศักดิ์สิทธิ์,,ปลายงุ้ม19 โคนงุ้ม12,,
22/05/2026 21:03:52,SG-01,477,1265026-05,22/05/2026,18:28,494,79,75,,,,,,,,,,,,,,4,415,-,-,,,,,,สุชาดา(ส้ม),,,ศักดิ์สิทธิ์,,โคนงุ้ม4,,
23/05/2026 11:09:06,SG-02,477,1265025-10,23/05/2026,10:25,464,44,13,,,,,,,,,,,,,,31,420,-,-,,,,,,...(รัตนา),,,ศักดิ์สิทธิ์,,โคนงุ้ม11 ปลายงุ้ม20,,
23/05/2026 11:12:14,SG-02,477,1265026-03,22/05/2026,21:45,456,77,10,,,,,,,,,,,,,,67,379,-,-,,,,,,...(รัตนา),,,ศักดิ์สิทธิ์,,โคนงุ้ม15 ปลายงุ้ม52,,
23/05/2026 11:15:08,SG-01,477,1265022-10,23/05/2026,09:12,507,39,15,,,,,,,,,,,,,,24,468,เปลี่ยน,เปลี่ยน,119,,,,,สุชาดา(ส้ม),,,ศักดิ์สิทธิ์,,ปลายงุ้ม8 โคนงุ้ม16,,
23/05/2026 15:07:33,SG-02,477,1265072-08,23/05/2026,14:30,494,63,14,,,,,,,,,,,,,,49,431,-,-,,,,,,...(รัตนา),,,ศักดิ์สิทธิ์,,โคนงุ่ม25 ปลายงุ้ม24,,
23/05/2026 15:09:44,SG-01,477,1265073-08,23/05/2026,12:58,484,13,1,,,,,,,,,,,,,,12,471,,,,,,,,สุชาดา(ส้ม),,,ศักดิ์สิทธิ์,,โคนงุ้ม9 ปลายงุ้ม3,,
23/05/2026 15:20:01,SG-01,477,1265026-01,23/05/2026,15:16,439,11,,,,,,,,,,,,,,,11,428,-,-,,,,,,สุชาดา(ส้ม),,,ศักดิ์สิทธิ์,,โคนงุ้ม5 ปลายงุ้ม6,,
23/05/2026 18:26:40,SG-02,477,1265072-09,23/05/2026,17:50,491,67,19,,,,,,,,,,,,,,48,424,-,-,,,,,,...(รัตนา),,,ศักดิ์สิทธิ์,,โคนงุ้ม15 ปลายงุ้ม33,,
23/05/2026 18:28:27,SG-01,477,1265072-06,23/05/2026,18:19,501,22,2,,,,,,,,,,,,,,20,479,-,-,,,,,,สุชาดา(ส้ม),,,ศักดิ์สิทธิ์,,โคนงุ้ม19 ปลายงุ้ม1,,
25/05/2026 10:28:31,SG-02,477,1265072-11,25/05/2026,08:37,492,48,8,,,,,,,,,,,,,,40,444,-,-,,,,,,...(รัตนา),,,ศักดิ์สิทธิ์,,โคนงุ้ม18 ปลายงุ้ม22,,
25/05/2026 10:31:01,SG-01,477,1265073-05,25/05/2026,08:49,493,28,2,,,,,,,,,,,,,,26,465,-,-,,,,,,สุชาดา(ส้ม),,,ศักดิ์สิทธิ์,,โคนงุ้ม16 ปลายงุ้ม10,,
25/05/2026 12:42:40,SG-01,477,1265026-02,25/05/2026,11:23,465,9,,,,,,,,,,,,,,,9,456,-,-,,,,,,สุชาดา(ส้ม),,,ศักดิ์สิทธิ์,,โคนงุ้ม6 ปลายงุ้ม3,,
25/05/2026 15:42:16,SG-02,477,1265072-02,25/05/2026,13:45,488,39,7,,,,,,,,,,,,,,32,449,-,-,,,,,,...(รัตนา),,,ศักดิ์สิทธิ์,,",โคนงุ้ม17 ปลายงุ้ม15",,
25/05/2026 15:43:41,SG-02,477,1265072-12,25/05/2026,15:30,493,30,10,,,,,,,,,,,,,,20,463,-,-,,,,,,...(รัตนา),,,ศักดิ์สิทธิ์,,โคนงุ้ม17 ปลายงุ้ม3,,
25/05/2026 15:46:08,SG-01,477,1265076-03,25/05/2026,15:15,512,25,10,,,,,,,,,,,,,,15,487,-,-,,,,,,สุชาดา(ส้ม),,,ศักดิ์สิทธิ์,,โคนงุ้ม7 ปลายงุ้ม8,,
25/05/2026 18:55:56,SG-02,477,1265073-02,25/05/2026,18:38,478,41,31,,,,,,,,,,,,,,10,437,-,-,,,,,,...(รัตนา),,,ศักดิ์สิทธิ์,,โคนงุ้ม10,,
25/05/2026 18:58:39,SG-01,477,1265073-11,25/05/2026,18:31,500,17,12,,,,,,,,,,,,,,5,483,-,-,,,,,,สุชาดา(ส้ม),,,ศักดิ์สิทธิ์,,โคนงุ้ม5,,
26/05/2026 12:41:21,SG-02,477,1265072-03,26/05/2026,10:00,493,9,,,,,,,,,,,,,,,9,484,-,-,,,,,,...(รัตนา),,,ศักดิ์สิทธิ์,,โคนงุ้ม2 ปลายงุ้ม7,,
26/05/2026 12:43:12,SG-01,477,1265074-07,26/05/2026,09:25,498,60,50,,,,,,,,,,,,,,10,438,-,-,,,,,,สุชาดา(ส้ม),,,ศักดิ์สิทธิ์,,โคนงุ้ม6 ปลายงุ้ม4,,
27/05/2026 08:55:13,SG-01,477,1265076-04,26/05/2026,13:44,530,74,68,,,,,,,,,,,,,,6,456,-,-,,,,,,สุชาดา(ส้ม),,,ศักดิ์สิทธิ์,,โคนงุ้ม5 ปลายงุ้ม1,,
27/05/2026 08:56:50,SG-01,477,1265075-12,26/05/2026,16:00,437,72,64,,,,,,,,,,,,,,8,365,-,-,,,,,,สุชาดา(ส้ม),,,ศักดิ์สิทธิ์,,ปลายงุ้ม1 โคนงุ้ม7,,
27/05/2026 10:08:49,SG-02,477,1265073-01,27/05/2026,08:57,477,5,,,,,,,,,,,,,,,5,472,เปลี่ยน,เปลี่ยน,440,,,07:40,08:40,...(รัตนา),,,ศักดิ์สิทธิ์,,โคนงุ้ม5,,
27/05/2026 10:11:16,SG-02,477,1165072-05,26/05/2026,14:00,478,35,31,,,,,,,,,,,,,,4,443,-,-,,,,,,...(รัตนา),,,ศักดิ์สิทธิ์,,โคนงุ้ม4,,
27/05/2026 15:36:10,SG-02,477,1265072-01,27/05/2026,12:42,434,16,4,,,,,,,,,,,,,,12,418,-,-,,,,,,...(รัตนา),,,ศักดิ์สิทธิ์,,ปลายงุ้ม1 โคนงุ่ม11,,
27/05/2026 15:40:36,SG-01,477,1265075-10,27/05/2026,11:05,506,70,62,,,,,,,,,,,,,,8,436,เปลี่ยน,เปลี่ยน,300,,,09:20,10:10,สุชาดา(ส้ม),,,ศักดิ์สิทธิ์,,โคนงุ่ม 6 ปลายงุ่ม2,,
27/05/2026 15:42:24,SG-01,477,1265075-13,27/05/2026,14:35,477,14,2,,,,,,,,,,,,,,12,463,-,-,,,,,,สุชาดา(ส้ม),,,ศักดิ์สิทธิ์,,ปลายงุ้ม1 โคนงุ้ม1,,
28/05/2026 09:33:26,SG-02,477,1265076-05,27/05/2026,15:30,493,24,4,,,,,,,,,,,,,,20,469,-,-,,,,,,...(รัตนา),,,ศักดิ์สิทธิ์,,ปลายงุ้ม12 โคนงุ้ม8,,
28/05/2026 09:36:12,SG-01,477,1265075-09,28/05/2026,08:52,515,16,3,,,,,,,,,,,,,,13,499,-,-,,,,,,สุชาดา(ส้ม),,,ศักดิ์สิทธิ์,,โคนงุ้ม13,,
28/05/2026 09:40:16,SG-02,477,1265076-01,28/05/2026,09:30,498,43,9,,,,,,,,,,,,,,34,455,-,-,,,,,,สุชาดา(ส้ม),,,ศักดิ์สิทธิ์,,โคนงุ้ม15 ปลายงุ้ม19,,
28/05/2026 14:49:55,SG-02,477,1265076-11,28/05/2026,13:22,487,26,7,,,,,,,,,,,,,,19,461,-,-,,,,,,...(รัตนา),,,ศักดิ์สิทธิ์,,ปลายงุ้ม8 โคนงุ้ม11,,
28/05/2026 14:52:28,SG-01,477,1265075-11,28/05/2026,12:50,497,21,6,,,,,,,,,,,,,,15,476,-,-,,,,,,สุชาดา(ส้ม),,,ศักดิ์สิทธิ์,,โคนงุ้ม15,,
28/05/2026 15:20:02,SG-01,477,1265076,28/05/2026,15:16,511,0,,,,,,,,,,,,,,,,511,-,-,,,,,,สุชาดา(ส้ม),,,ศักดิ์สิทธิ์,,,,
28/05/2026 19:02:06,SG-01,477,1265021-12,28/05/2026,18:20,466,0,,,,,,,,,,,,,,,,466,-,-,,,,,,สุชาดา(ส้ม),,,ศักดิ์สิทธิ์,,,,
28/05/2026 19:04:24,SG-02,477,1265076-09,28/05/2026,18:55,488,36,11,,,,,,,,,,,,,,25,452,-,-,,,,,,...(รัตนา),,,ศักดิ์สิทธิ์,,ปลายงุ้ม16 โคนงุ้ม9,,
28/05/2026 19:05:56,SG-02,477,1265073-03,28/05/2026,15:48,445,13,,,,,,,,,,,,,,,13,432,-,-,,,,,,...(รัตนา),,,ศักดิ์สิทธิ์,,ปลายงุ้ม6 โคนงุ้ม7,,
29/05/2026 13:38:27,SG-02,477,1265022-03,29/05/2026,09:45,435,0,,,,,,,,,,,,,,,,435,-,-,,,,,,...(รัตนา),,,ศักดิ์สิทธิ์,,,,
29/05/2026 13:40:13,SG-01,477,1265022-07,29/05/2026,08:34,437,0,,,,,,,,,,,,,,,,437,-,-,,,,,,สุชาดา(ส้ม),,,ศักดิ์สิทธิ์,,,,
29/05/2026 13:41:34,SG-01,477,1265023-07,29/05/2026,11:07,460,0,,,,,,,,,,,,,,,,460,-,-,,,,,,สุชาดา(ส้ม),,,ศักดิ์สิทธิ์,,,,
29/05/2026 13:55:33,SG-02,477,1265022-09,29/05/2026,13:55,458,0,,,,,,,,,,,,,,,,458,-,-,,,,,,...(รัตนา),,,ศักดิ์สิทธิ์,,,,
29/05/2026 18:40:41,SG-01,477,1265022-05,29/05/2026,14:51,413,0,,,,,,,,,,,,,,,,413,-,-,,,,,,สุชาดา(ส้ม),,,ศักดิ์สิทธิ์,,,,
29/05/2026 18:42:01,SG-01,477,1265022-04,29/05/2026,18:50,461,0,,,,,,,,,,,,,,,,461,-,-,,,,,,สุชาดา(ส้ม),,,ศักดิ์สิทธิ์,,,,
29/05/2026 18:50:38,SG-02,477,1265022-08,29/05/2026,18:36,548,0,,,,,,,,,,,,,,,,548,-,-,,,,,,...(รัตนา),,,ศักดิ์สิทธิ์,,,,
30/05/2026 13:49:14,SG-01,477,1265075-03,30/05/2026,09:13,490,62,51,,,,,,,,,,,,,,11,428,-,-,,,,,,สุชาดา(ส้ม),,,ศักดิ์สิทธิ์,,โคนงุ้ม11,,
30/05/2026 13:50:49,SG-01,477,1265074-12,30/05/2026,13:00,489,83,75,,,,,,,,,,,,,,8,406,-,-,,,,,,สุชาดา(ส้ม),,,ศักดิ์สิทธิ์,,โคนงุ้ม8,,
30/05/2026 13:53:00,SG-02,477,1265075-02,30/05/2026,09:38,492,44,26,,,,,,,,,,,,,,18,448,-,-,,,,,,...(รัตนา),,,ศักดิ์สิทธิ์,,ปลายงุ้ม6 โคนงุ้ม12,,
30/05/2026 14:00:31,SG-02,477,1265074-08,30/05/2026,13:55,490,71,50,,,,,,,,,,,,,,21,419,-,-,,,,,,...(รัตนา),,,ศักดิ์สิทธิ์,,ปลายงุ้ม10 โคนงุ้ม11,,
01/06/2026 13:26:49,SG-02,477,1265075-06,01/06/2026,10:30,449,0,,,,,,,,,,,,,,,,449,เปลี่ยน,เปลี่ยน,297,,,09:00,10:00,ภาวิณี,,,ศักดิ์สิทธิ์,,,,
01/06/2026 13:31:06,SG-01,477,1265074-09,01/06/2026,09:51,520,102,98,,,,,,,,,,,,,,4,418,เปลี่ยน,เปลี่ยน,212,,,,,สุชาดา(ส้ม),,,ศักดิ์สิทธิ์,,โคนงุ้ม4,,
01/06/2026 19:05:52,SG-01,477,1265075-07,01/06/2026,17:43,489,19,1,,,,,,,,,,,,,,18,470,-,-,,,,,,สุชาดา(ส้ม),,,ศักดิ์สิทธิ์,,โคนงุ้ม10,,
01/06/2026 19:08:06,SG-01,477,1265074-05,01/06/2026,14:27,502,27,13,,,,,,,,,,,,,,14,475,-,-,,,,,,สุชาดา(ส้ม),,,ศักดิ์สิทธิ์,,โคนงุ้ม9 ปลายงุ้ม5,,
01/06/2026 19:15:43,SG-02,477,1265075-05,01/06/2026,15:00,487,2,2,,,,,,,,,,,,,,,485,-,-,,,,,,ภาวิณี,,,ศักดิ์สิทธิ์,,,,
02/06/2026 10:14:22,SG-01,477,1265027-03,02/06/2026,08:30,509,0,,,,,,,,,,,,,,,,509,-,-,,,,,,สุชาดา(ส้ม),,,ศักดิ์สิทธิ์,,,,
02/06/2026 10:16:02,SG-02,477,1265074-06,01/06/2026,18:40,491,3,3,,,,,,,,,,,,,,,488,-,-,,,,,,ภาวิณี,,,ศักดิ์สิทธิ์,,,,
02/06/2026 10:18:18,SG-02,477,1265027-01,02/06/2026,10:15,490,0,,,,,,,,,,,,,,,,490,-,-,,,,,,...(รัตนา),,,ศักดิ์สิทธิ์,,,,
02/06/2026 15:40:52,SG-01,477,1265027-04,02/06/2026,12:33,490,0,,,,,,,,,,,,,,,,490,-,-,,,,,,สุชาดา(ส้ม),,,ศักดิ์สิทธิ์,,,,
02/06/2026 15:46:50,SG-01,477,1264186-04,02/06/2026,15:40,542,0,,,,,,,,,,,,,,,,542,-,-,,,,,,สุชาดา(ส้ม),,,ศักดิ์สิทธิ์,,,,
02/06/2026 15:48:08,SG-02,477,1264186-02,02/06/2026,14:30,489,0,,,,,,,,,,,,,,,,489,-,-,,,,,,...(รัตนา),,,ศักดิ์สิทธิ์,,,,
04/06/2026 08:19:30,SG-01,477,1264186-03,02/06/2026,19:40,525,0,,,,,,,,,,,,,,,,525,-,-,,,,,,สุชาดา(ส้ม),,,ศักดิ์สิทธิ์,,,,
04/06/2026 08:23:32,SG-02,477,1264186-01,02/06/2026,18:05,507,0,,,,,,,,,,,,,,,,507,-,-,,,,,,...(รัตนา),,,ศักดิ์สิทธิ์,,,,
04/06/2026 08:25:04,SG-02,477,1265027-05,02/06/2026,19:00,202,0,,,,,,,,,,,,,,,,202,-,-,,,,,,...(รัตนา),,,ศักดิ์สิทธิ์,,,,
04/06/2026 11:12:34,SG-02,477,1265025,04/06/2026,11:00,499,0,,,,,,,,,,,,,,,,499,-,-,,,,,,...(รัตนา),,,ศักดิ์สิทธิ์,,,,
04/06/2026 11:14:06,SG-01,477,1265025,04/06/2026,10:45,499,0,,,,,,,,,,,,,,,,499,-,-,,,,,,...(เต้),,,ศักดิ์สิทธิ์,,,,
04/06/2026 20:29:01,SG-02,477,1265121-05,04/06/2026,20:05,480,21,14,,,,,,,,,,,,,,7,459,-,-,,,,,,...(รัตนา),,,ศักดิ์สิทธิ์,,ปลายงุ้ม1 โคนงุ้ม6,,
04/06/2026 20:30:12,SG-01,477,1265121-03,04/06/2026,19:05,479,63,63,,,,,,,,,,,,,,,416,-,-,,,,,,...(เต้),,,ศักดิ์สิทธิ์,,,,
05/06/2026 11:14:12,SG-02,477,1265121-04,05/06/2026,09:05,481,35,27,,,,,,,,,,,,,,8,446,-,-,,,,,,...(รัตนา),,,ศักดิ์สิทธิ์,,ปลายงุ้ม4 โคนงุ้ม4,,
05/06/2026 11:15:18,SG-01,477,1265121-06,05/06/2026,08:23,481,80,80,,,,,,,,,,,,,,,401,-,-,,,,,,...(เต้),,,ศักดิ์สิทธิ์,,,,
05/06/2026 13:55:14,SG-02,477,1265121-07,05/06/2026,12:50,486,95,66,,,,,,,,,,,,,,29,391,-,-,,,,,,...(รัตนา),,,ศักดิ์สิทธิ์,,ปลายงุ้ม13 โคนงุ้ม16,,
05/06/2026 13:58:50,SG-01,477,1265121-08,05/06/2026,11:19,487,101,101,,,,,,,,,,,,,,,386,-,-,,,,,,...(เต้),,,ศักดิ์สิทธิ์,,,,
05/06/2026 20:27:21,SG-02,477,1265122-03,05/06/2026,18:53,481,76,12,,,,,,,,,,,,,,64,405,เปลี่ยน,เปลี่ยน,210,,,13:40,15:15,...(รัตนา),,,ศักดิ์สิทธิ์,,ปลายงุ้ม16 โคนงุ้ม48,,
05/06/2026 20:30:57,SG-01,477,1265122-09,05/06/2026,18:00,417,107,98,,,,,,,,,,,,,,9,310,เปลี่ยน,เปลี่ยน,224,,,14:55,16:30,...(เต้),,,ศักดิ์สิทธิ์,,ปลายงุ้ม9,,
05/06/2026 20:32:44,SG-01,477,1265122-02,05/06/2026,20:22,482,4,,,,,,,,,,,,,,,4,478,-,-,,,,,,...(เต้),,,ศักดิ์สิทธิ์,,โคนงุ้ม4,,
06/06/2026 11:02:59,SG-02,477,1265122-10,06/06/2026,07:55,491,23,2,,,,,,,,,,,,,,21,468,-,-,,,,,,...(รัตนา),,,ศักดิ์สิทธิ์,,ปลายงุ้ม8 โคนงุ้ม13,,
06/06/2026 11:04:31,SG-02,477,1265121-13,06/06/2026,10:45,482,59,2,,,,,,,,,,,,,,57,423,-,-,,,,,,...(รัตนา),,,ศักดิ์สิทธิ์,,ปลายงุ้ม22 โคนงุ้ม35,,
06/06/2026 11:06:05,SG-01,477,1265122-05,06/06/2026,09:37,525,12,,,,,,,,,,,,,,,12,513,-,-,,,,,,...(เต้),,,ศักดิ์สิทธิ์,,ปลายงุ้ม2 โคนงุ้ม10,,
06/06/2026 13:44:27,SG-01,477,1265112-04,06/06/2026,13:00,440,12,5,,,,,,,,,,,,,,7,428,-,-,,,,,,...(เต้),,,ศักดิ์สิทธิ์,,โคนงุ้ม7,,
06/06/2026 17:09:14,SG-02,477,1265122-01,06/06/2026,14:25,484,52,1,,,,,,,,,,,,,,51,432,-,-,,,,,,...(รัตนา),,,ศักดิ์สิทธิ์,,ปลายงุ้ม31 โคนงุ้ม20,,
06/06/2026 17:11:50,SG-01,477,1256123-03,06/06/2026,16:17,499,3,,,,,,,,,,,,,,,3,496,-,-,,,,,,...(เต้),,,ศักดิ์สิทธิ์,,โคนงุ้ม3,,
06/06/2026 20:26:21,SG-02,477,1265122-12,06/06/2026,20:12,463,20,,,,,,,,,,,,,,,20,443,-,-,,,,,,...(รัตนา),,,ศักดิ์สิทธิ์,,ปลายงุ้ม7 โคนงุ้ม13,,
06/06/2026 20:27:43,SG-02,477,1265123-02,06/06/2026,17:20,433,14,,,,,,,,,,,,,,,14,419,-,-,,,,,,...(รัตนา),,,ศักดิ์สิทธิ์,,โคนงุ้ม14,,
06/06/2026 20:29:11,SG-01,477,1265123-01,06/06/2026,19:05,513,3,,,,,,,,,,,,,,,3,510,-,-,,,,,,...(เต้),,,ศักดิ์สิทธิ์,,โคนงุ้ม3,,
08/06/2026 10:53:10,SG-01,477,1265123-10,06/06/2026,21:30,462,12,6,,,,,,,,,,,,,,6,450,-,-,,,,,,...(เต้),,,ศักดิ์สิทธิ์,,ปลายงุ้ม3 โคนงุ้ม3,,
08/06/2026 10:54:35,SG-01,477,1265123-07,08/06/2026,10:16,469,12,8,,,,,,,,,,,,,,4,457,-,-,,,,,,...(เต้),,,ศักดิ์สิทธิ์,,โคนงุ้ม4,,
08/06/2026 16:35:24,SG-01,477,1265124-09,08/06/2026,14:10,490,20,17,,,,,,,,,,,,,,3,470,-,-,,,,,,...(เต้),,,ศักดิ์สิทธิ์,,โคนงุ้ม3,,
08/06/2026 20:32:40,SG-01,477,1265124-07,08/06/2026,20:00,466,63,63,,,,,,,,,,,,,,,403,-,-,,,,,,...(เต้),,,ศักดิ์สิทธิ์,,,,
08/06/2026 20:35:26,SG-01,477,1265124-04,08/06/2026,17:23,487,35,33,,,,,,,,,,,,,,2,452,-,-,,,,,,...(เต้),,,ศักดิ์สิทธิ์,,โคนงุ้ม2,,
08/06/2026 10:57:03,SG-02,477,1265123-05,08/06/2026,08:45,462,14,2,,,,,,,,,,,,,,12,448,-,-,,,,,,...(รัตนา),,,ศักดิ์สิทธิ์,,ปลายงุ้ม2 โคนงุ้ม10,,
08/06/2026 16:32:54,SG-02,477,1265124-08,08/06/2026,13:05,488,64,31,,,,,,,,,,,,,,33,424,-,-,,,,,,...(รัตนา),,,ศักดิ์สิทธิ์,,ปลายงุ้ม20 โคนงุ้ม13,,
08/06/2026 16:34:03,SG-02,477,1265123-12,08/06/2026,16:05,482,50,44,,,,,,,,,,,,,,6,432,-,-,,,,,,...(รัตนา),,,ศักดิ์สิทธิ์,,โคนงุ้ม6,,
08/06/2026 20:30:29,SG-02,477,1265124-05,08/06/2026,19:35,488,58,53,,,,,,,,,,,,,,5,430,-,-,,,,,,...(รัตนา),,,ศักดิ์สิทธิ์,,โคนงุ้ม5,,
09/06/2026 12:35:15,SG-01,477,1265124-02,09/06/2026,09:25,480,69,69,,,,,,,,,,,,,,,411,เปลี่ยน,เปลี่ยน,355,,,08:05,08:50,...(เต้),,,ศักดิ์สิทธิ์,,,,
09/06/2026 16:09:43,SG-01,477,1265124-11,09/06/2026,13:37,486,10,,,,,,,,,,,,,,,10,476,-,-,,,,,,...(เต้),,,ศักดิ์สิทธิ์,,โคนงุ้ม6 ปลายงุ้ม4,,
09/06/2026 16:16:17,SG-01,477,1265124-10,09/06/2026,16:14,481,9,5,,,,,,,,,,,,,,4,472,-,-,,,,,,...(เต้),,,ศักดิ์สิทธิ์,,โคนงุ้ม2 ปลายงุ้ม2,,
09/06/2026 21:03:07,SG-01,477,1265125-01,09/06/2026,19:35,488,6,,,,,,,,,,,,,,,6,482,-,-,,,,,,...(เต้),,,ศักดิ์สิทธิ์,,โคนงุ้ม6,,
09/06/2026 12:31:38,SG-02,477,1265123-06,09/06/2026,09:57,512,66,42,,,,,,,,,,,,,,24,446,เปลี่ยน,เปลี่ยน,431,,,08:30,09:30,...(รัตนา),,,ศักดิ์สิทธิ์,,โคนงุ้ม7 ปลายงุ้ม16,,
09/06/2026 21:00:12,SG-02,479,1265173-02,09/06/2026,19:55,312,37,13,,,,,,,,,,,,,,24,275,-,-,,,,,,...(รัตนา),,,ศักดิ์สิทธิ์,,ปลายงุ้ม11 โคนงุ้ม13,,
10/06/2026 14:31:36,SG-01,477,1265124-06,10/06/2026,08:18,483,5,1,,,,,,,,,,,,,,4,478,-,-,,,,,,...(เต้),,,ศักดิ์สิทธิ์,,โคนงุ้ม4,,
10/06/2026 14:33:21,SG-01,477,1265124-12,10/06/2026,11:00,481,14,5,,,,,,,,,,,,,,9,467,-,-,,,,,,...(เต้),,,ศักดิ์สิทธิ์,,โคนงุ้ม9,,
10/06/2026 18:24:40,SG-01,477,1265123-13,10/06/2026,18:15,487,48,46,,,,,,,,,,,,,,2,439,-,-,,,,,,...(เต้),,,ศักดิ์สิทธิ์,,ปลายงุ้ม2,,
10/06/2026 18:26:11,SG-01,477,1265124-03,10/06/2026,14:50,479,17,13,,,,,,,,,,,,,,4,462,-,-,,,,,,...(เต้),,,ศักดิ์สิทธิ์,,โคนงุ้ม4,,
10/06/2026 21:05:20,SG-01,477,1265123-09,10/06/2026,20:50,490,52,52,,,,,,,,,,,,,,,438,-,-,,,,,,...(เต้),,,ศักดิ์สิทธิ์,,,,
10/06/2026 14:30:00,SG-02,479,1265173-01,10/06/2026,12:40,369,49,19,,,,,,,,,,,,,,30,320,-,-,,,,,,...(รัตนา),,,ศักดิ์สิทธิ์,,ปลายงุ้ม17 โคนงุ้ม13,,
10/06/2026 18:28:05,SG-02,477,1265123-08,10/06/2026,16:30,458,28,7,,,,,,,,,,,,,,21,430,-,-,,,,,,...(รัตนา),,,ศักดิ์สิทธิ์,,ปลายงุ้ม9โคนงุ้ม12,,
10/06/2026 21:04:11,SG-02,477,1265123-11,10/06/2026,20:10,484,47,,,,,,,,,,,,,,,47,437,-,-,,,,,,...(รัตนา),,,ศักดิ์สิทธิ์,,ปลายงุ้ม22 โคนงุ้ม25,,
11/06/2026 12:26:22,SG-01,477,1265126-06,11/06/2026,09:35,480,90,90,,,,,,,,,,,,,,,390,-,-,,,,,,...(เต้),,,ศักดิ์สิทธิ์,,,,
11/06/2026 15:00:03,SG-01,477,1265126-07,11/06/2026,14:30,462,104,104,,,,,,,,,,,,,,,358,เปลี่ยน,เปลี่ยน,302,,,12:40,13:35,...(เต้),,,ศักดิ์สิทธิ์,,,,
11/06/2026 20:00:12,SG-01,477,1265125-03,11/06/2026,19:40,487,0,,,,,,,,,,,,,,,,487,-,-,,,,,,...(เต้),,,ศักดิ์สิทธิ์,,,,
11/06/2026 12:28:07,SG-02,477,1265126-01,11/06/2026,09:10,476,37,4,,,,,,,,,,,,,,33,439,-,-,,,,,,...(รัตนา),,,ศักดิ์สิทธิ์,,ปลายงุ้ม16 โคนงุ้ม17,,
11/06/2026 15:04:58,SG-02,477,1265126-04,11/06/2026,14:00,489,47,24,,,,,,,,,,,,,,23,442,-,-,,,,,,...(รัตนา),,,ศักดิ์สิทธิ์,,ปลายงุ้ม15 โคนงุ้ม8,,
11/06/2026 19:58:31,SG-02,477,1265126-05,11/06/2026,18:05,481,33,13,,,,,,,,,,,,,,20,448,-,-,,,,,,...(รัตนา),,,ศักดิ์สิทธิ์,,ปลายงุ้ม9 โคนงุ้ม11,,
12/06/2026 13:02:48,SG-02,477,1265125-06,11/06/2026,21:30,500,66,32,,,,,,,,,,,,,,34,434,-,-,,,,,,...(รัตนา),,,ศักดิ์สิทธิ์,,ปลายงุ้ม13 โคนงุ้ม21,,
12/06/2026 13:08:19,SG-01,477,1265126-03,12/06/2026,08:22,480,17,17,,,,,,,,,,,,,,,463,-,-,,,,,,...(เต้),,,ศักดิ์สิทธิ์,,,,
12/06/2026 13:07:01,SG-01,477,1265126-02,12/06/2026,11:19,479,34,28,,,,,,,,,,,,,,6,445,-,-,,,,,,...(เต้),,,ศักดิ์สิทธิ์,,ปลายงุ้ม6,,
12/06/2026 16:28:24,SG-01,477,1265124-13,12/06/2026,15:35,484,49,38,,,,,,,,,,,,,,11,435,-,-,,,,,,...(เต้),,,ศักดิ์สิทธิ์,,ปลายงุ้ม6 โคนงุ้ม5,,
12/06/2026 19:58:56,SG-01,477,1266031-07,12/06/2026,19:12,494,78,52,,,,,,,,,,,,,,26,416,-,-,,,,,,...(เต้),,,ศักดิ์สิทธิ์,,โคนงุ้ม26,,
13/06/2026 13:04:07,SG-01,477,1266032-08,12/06/2026,21:40,444,71,50,,,,,,,,,,,,,,21,373,-,-,,,,,,...(เต้),,,ศักดิ์สิทธิ์,,โคนงุ้ม7 ปลายงุ้ม14,,
12/06/2026 13:04:43,SG-02,477,1265125-05,12/06/2026,10:40,480,73,54,,,,,,,,,,,,,,19,407,-,-,,,,,,...(รัตนา),,,ศักดิ์สิทธิ์,,ปลายงุ้ม9 โคนงุ้ม10,,
12/06/2026 16:31:09,SG-02,477,1265125-04,12/06/2026,16:05,469,154,147,,,,,,,,,,,,,,7,315,-,-,,,,,,...(รัตนา),,,ศักดิ์สิทธิ์,,ปลายงุ้ม4 โคนงุ้ม3,,
13/06/2026 13:14:59,SG-02,477,1266032-13,12/06/2026,21:40,381,78,51,,,,,,,,,,,,,,27,303,-,-,,,,,,...(รัตนา),,,ศักดิ์สิทธิ์,,ปลายงุ้ม15 โคนงุ้ม12,,
13/06/2026 13:07:13,SG-01,477,126603303,13/06/2026,10:25,471,67,38,,,,,,,,,,,,,,29,404,-,-,,,,,,...(เต้),,,ศักดิ์สิทธิ์,,โคนงุ้ม27 ปลายงุ้ม2,,
13/06/2026 13:12:20,SG-02,477,1266031-03,13/06/2026,10:50,479,43,,,,,,,,,,,,,,,43,436,เปลี่ยน,เปลี่ยน,103,,,17:40,19:45,...(รัตนา),,,ศักดิ์สิทธิ์,,ปลาบงุ้ม2 โคนงุ้ม41,,
13/06/2026 15:25:04,SG-02,477,1266031-06,13/06/2026,14:55,443,61,10,,,,,,,,,,,,,,51,382,-,-,,,,,,...(รัตนา),,,ศักดิ์สิทธิ์,,ปลายงุ้ม24 โคนงุ้ม27,,
13/06/2026 15:27:58,SG-01,477,1266031-13,13/06/2026,14:48,473,95,53,,,,,,,,,,,,,,42,378,-,-,,,,,,...(เต้),,,ศักดิ์สิทธิ์,,โคนงุ้ม36 ปลายงุ้ม6,,
15/06/2026 14:20:20,SG-01,477,1266032-01,15/06/2026,10:22,516,170,125,,,,,,,,,,,,,,45,346,-,-,,,,,,...(เต้),,,ศักดิ์สิทธิ์,,โคนงุ้ม45,,
15/06/2026 14:41:57,SG-01,477,1266031-11,15/06/2026,14:35,437,91,77,,,,,,,,,,,,,,14,346,เปลี่ยน,เปลี่ยน,124,,,,,...(เต้),,,ศักดิ์สิทธิ์,,ปลายงุ้ม4 โคนงุ้ม10,,
15/06/2026 20:14:16,SG-01,477,1266032-03,15/06/2026,19:12,497,61,27,,,,,,,,,,,,,,34,436,-,-,,,,,,...(เต้),,,ศักดิ์สิทธิ์,,โคนงุ้ม27 ปลายงุ้ม7,,
15/06/2026 14:23:55,SG-02,477,1266032-02,15/06/2026,10:15,529,24,5,,,,,,,,,,,,,,19,505,-,-,,,,,,...(รัตนา),,,ศักดิ์สิทธิ์,,ปลายงุ้ม11 โคนงุ้ม8,,
15/06/2026 20:10:24,SG-02,477,1266031-02,15/06/2026,19:00,498,43,13,,,,,,,,,,,,,,30,455,-,-,,,,,,...(รัตนา),,,ศักดิ์สิทธิ์,,ปลายงุ้ม15 โคนงุ้ม15,,
15/06/2026 20:11:59,SG-02,477,1266031-10,15/06/2026,15:05,489,45,24,,,,,,,,,,,,,,21,444,-,-,,,,,,...(รัตนา),,,ศักดิ์สิทธิ์,,ปลายงุ้ม9 โคนงุ้ม12,,
25/06/2026 13:31:51,SG-01,477,1266031-09,16/06/2026,08:47,502,9,6,,,,,,,,,,3,,,,,493,-,-,,,,,,...(เต้),,,ศักดิ์สิทธิ์,,,,
16/06/2026 13:07:59,SG-01,477,1266031-12,16/06/2026,12:40,461,32,9,,,,,,,,,,,,,,23,429,-,-,,,,,,...(เต้),,,ศักดิ์สิทธิ์,,โคนงุ้ม19 ปลายงุ้ม4,,
16/06/2026 17:40:54,SG-01,477,1266032-06,16/06/2026,15:30,502,38,16,,,,,,,,,,,,,,22,464,-,-,,,,,,...(เต้),,,ศักดิ์สิทธิ์,,โคนงุ้ม18 ปลายงุ้ม4,,
17/06/2026 10:05:07,SG-01,477,1266032-09,16/06/2026,18:47,492,32,11,,,,,,,,,,,,,,21,460,-,-,,,,,,...(เต้),,,ศักดิ์สิทธิ์,,โคนงุ้ม15 ปลายงุ้ม6,,
16/06/2026 13:10:17,SG-02,477,1266031-04,16/06/2026,08:05,488,35,16,,,,,,,,,,,,,,19,453,-,-,,,,,,...(รัตนา),,,ศักดิ์สิทธิ์,,ปลายงุ้ม11 โคนงุ้ม8,,
16/06/2026 13:12:33,SG-02,477,1266032-04,16/06/2026,10:50,483,51,24,,,,,,,,,,,,,,27,432,-,-,,,,,,...(รัตนา),,,ศักดิ์สิทธิ์,,ปลายงุ้ม14 โคนงุ้ม13,,
16/06/2026 17:44:28,SG-02,477,1266032-10,16/06/2026,14:55,503,58,21,,,,,,,,,,,,,,37,445,-,-,,,,,,...(รัตนา),,,ศักดิ์สิทธิ์,,ปลายงุ้ม11 โคนงุ้ม26,,
17/06/2026 09:54:00,SG-02,477,1266034-03,16/06/2026,19:15,457,69,56,,,,,,,,,,,,,,13,388,-,-,,,,,,...(รัตนา),,,ศักดิ์สิทธิ์,,ปลายงุ้ม10 โคนงุ้ม3,,
17/06/2026 10:09:06,SG-01,477,1266033-11,17/06/2026,09:50,493,32,20,,,,,,,,,,,,,,12,461,-,-,,,,,,...(เต้),,,ศักดิ์สิทธิ์,,โคนงุ้ม8 ปลายงุ้ม4,,
17/06/2026 17:24:50,SG-01,477,1266031-01,17/06/2026,16:25,515,30,12,,,,,,,,,,,,,,18,485,-,-,,,,,,...(เต้),,,ศักดิ์สิทธิ์,,โคนงุ้ม18,,
17/06/2026 17:26:35,SG-01,477,1266032-07,17/06/2026,13:35,487,34,14,,,,,,,,,,,,,,20,453,-,-,,,,,,...(เต้),,,ศักดิ์สิทธิ์,,ปลายงุ้ม3 โคนงุ้ม17,,
18/06/2026 10:38:41,SG-01,477,1266033-01,18/06/2026,09:14,496,96,92,,,,,,,,,,,,,,4,400,-,-,,,,,,...(เต้),,,ศักดิ์สิทธิ์,,โคนงุ้ม4,,
18/06/2026 18:17:57,SG-01,477,1266033-05,18/06/2026,13:07,461,87,76,,,,,,,,,,,,,,11,374,เปลี่ยน,เปลี่ยน,461,,,,,...(เต้),,,ศักดิ์สิทธิ์,,โคนงุ้ม11,,
18/06/2026 18:20:03,SG-01,477,1266034-05,18/06/2026,19:15,475,36,19,,,,,,,,,,,,,,17,439,-,-,,,,,,...(เต้),,,ศักดิ์สิทธิ์,,ปลายงุ้ม4 โคนงุ้ม13,,
19/06/2026 16:07:33,SG-01,477,1266034-06,18/06/2026,19:50,490,49,36,,,,,,,,,,,,,,13,441,-,-,,,,,,...(เต้),,,ศักดิ์สิทธิ์,,ปลายงุ้ม8 โคนงุ้ม15,,
17/06/2026 21:01:40,SG-01,477,1266033-08,17/06/2026,19:55,531,60,58,,,,,,,,,,,,,,2,471,-,-,,,,,,...(เต้),,,ศักดิ์สิทธิ์,,โคนงุ้ม2,,
17/06/2026 17:19:48,SG-02,477,1266034-10,17/06/2026,16:55,495,28,3,,,,,,,,,,,,,,25,467,-,-,,,,,,...(รัตนา),,,ศักดิ์สิทธิ์,,ปลายงุ้ม7 โคนงุ้ม18,,
17/06/2026 17:22:05,SG-02,477,1266034-04,17/06/2026,12:55,447,61,19,,,,,,,,,,,,,,42,386,เปลี่ยน,เปลี่ยน,140,,,08:30,09:40,...(รัตนา),,,ศักดิ์สิทธิ์,,ปลายงุ้ม21 โคนงุ้ม21,,
19/06/2026 16:13:22,SG-01,477,1266034-07,19/06/2026,08:06,419,22,19,,,,,,,,,,,,,,3,397,-,-,,,,,,...(เต้),,,ศักดิ์สิทธิ์,,โคนงุ้ม3,,
20/06/2026 09:37:56,SG-01,477,1265079-02,19/06/2026,18:10,524,48,13,,,,,,,,,,,,,,35,476,-,-,,,,,,...(เต้),,,ศักดิ์สิทธิ์,,โคนงุ้ม27 ปลายงุ้ม8 (งานตัวอย่าง),,
18/06/2026 18:15:02,SG-02,477,1266033-02,18/06/2026,16:35,528,23,11,,,,,,,,,,,,,,12,505,-,-,,,,,,ศักดิ์สิทธิ์,,,ศักดิ์สิทธิ์,,โคนงุุ้ม7 ปลายงุ้ม5 (รัตนา ลา),,
20/06/2026 09:40:53,SG-01,477,1265128-01,19/06/2026,10:30,484,41,23,,,,,,,,,,,,,,18,443,-,-,,,,,,...(เต้),,,ศักดิ์สิทธิ์,,โคนงุ้ม18,,
20/06/2026 09:34:05,SG-01,477,1265077-01,20/06/2026,08:15,530,46,20,,,,,,,,,,,,,,26,484,-,-,,,,,,...(เต้),,,ศักดิ์สิทธิ์,,โคนงุ้ม9 ปลายงุ้ม17,,
20/06/2026 09:45:56,SG-02,477,1256077-03,19/06/2026,18:15,494,128,47,,,,,,,,,,,,,,81,366,-,-,,,,,,...(รัตนา),,,ศักดิ์สิทธิ์,,ปลายงุ้ม50 โคนงุ้ม31,,
19/06/2026 15:51:51,SG-02,477,1265079-03,19/06/2026,13:35,392,122,20,,,,,,,,,,,,,,102,270,-,-,,,,,,...(รัตนา),,,ศักดิ์สิทธิ์,,ปลายงุ้ม64 โคนงุ้ม38,,
19/06/2026 15:53:51,SG-02,477,1266034-11,19/06/2026,09:35,551,20,13,,,,,,,,,,,,,,7,531,-,-,,,,,,...(รัตนา),,,ศักดิ์สิทธิ์,,โคนงุ้ม7,,
20/06/2026 09:48:02,SG-02,477,1265077-02,19/06/2026,21:00,417,96,34,,,,,,,,,,,,,,62,321,-,-,,,,,,...(รัตนา),,,ศักดิ์สิทธิ์,,ปลายงุ้ม38 โคนงุ้ม24,,
20/06/2026 09:51:15,SG-02,477,1265077-04,20/06/2026,09:30,319,50,22,,,,,,,,,,,,,,28,269,-,-,,,,,,...(รัตนา),,,ศักดิ์สิทธิ์,,ปลายงุ้ม24 โคนงุ้ม4,,
20/06/2026 17:08:19,SG-01,477,1265079-01,20/06/2026,11:02,484,54,29,,,,,,,,,,,,,,25,430,-,-,,,,,,...(เต้),,,ศักดิ์สิทธิ์,,คลื่น5 ปลายงุ้ม14 โคนงุ้ม6,,
20/06/2026 17:04:52,SG-02,477,1265127-01,20/06/2026,14:10,475,67,54,,,,,,,,,,,,,,13,408,-,-,,,,,,...(รัตนา),,,ศักดิ์สิทธิ์,,ปลายงุ้ม5 โคนงุ้ม8,,
20/06/2026 17:16:43,SG-01,477,1266035-04,20/06/2026,15:20,531,69,60,,,,,,,,,,,,,,9,462,-,-,,,,,,...(เต้),,,ศักดิ์สิทธิ์,,ปลายงุ้ม3 โคนงุ้ม6,,
20/06/2026 21:45:38,SG-01,477,1266035-06,20/06/2026,18:30,506,41,31,,,,,,,,,,,,,,10,465,-,-,,,,,,...(เต้),,,ศักดิ์สิทธิ์,,โคนงุ้ม7 ปลายงุ้ม3,,
20/06/2026 21:47:50,SG-02,477,1266035-12,20/06/2026,18:40,511,129,66,,,,,,,,,,,,,,63,382,-,-,,,,,,...(รัตนา),,,ศักดิ์สิทธิ์,,ปลายงุ้ม25 โคนงุ้ม38,,
20/06/2026 21:44:09,SG-01,477,1266035-11,20/06/2026,21:12,489,67,54,,,,,,,,,,,,,,13,422,-,-,,,,,,...(เต้),,,ศักดิ์สิทธิ์,,ปลายงุ้ม4 โคนงุุ้ม9,,
22/06/2026 14:27:30,SG-02,477,1266035-06,22/06/2026,09:35,477,114,84,,,,,,,,,,,,,,30,363,เปลี่ยน,เปลี่ยน,454,,,08:15,09:35,...(รัตนา),,,ศักดิ์สิทธิ์,,ปลายงุ้ม9 โคนงุ้ม21,,
22/06/2026 14:29:14,SG-02,477,1266036-10,22/06/2026,14:20,570,30,3,,,,,,,,,,,,,,27,540,-,-,,,,,,...(รัตนา),,,ศักดิ์สิทธิ์,,ปลายงุ้ม11 โคนงุ้ม16,,
22/06/2026 14:31:14,SG-01,477,1266035-08,22/06/2026,10:18,446,81,76,,,,,,,,,,,,,,5,365,-,-,,,,,,...(เต้),,,ศักดิ์สิทธิ์,,โคนงุ้ม5,,
22/06/2026 17:23:08,SG-01,477,1266035-03,22/06/2026,15:05,490,81,63,,,,,,,,,,,,,,18,409,เปลี่ยน,เปลี่ยน,297,,,13:30,14:40,...(เต้),,,ศักดิ์สิทธิ์,,โคนงุ้ม14 ปลายงุ้ม4,,
22/06/2026 18:19:29,SG-02,477,1266035-07,22/06/2026,17:42,491,59,24,,,,,,,,,,,,,,35,432,-,-,,,,,,...(รัตนา),,,ศักดิ์สิทธิ์,อาลิตา,ปลายงุ้ม5 โคนงุ้ม30,,
22/06/2026 18:24:15,SG-01,477,1266035-02,22/06/2026,18:17,491,13,8,,,,,,,,,,,,,,5,478,-,-,,,,,,...(เต้),,,ศักดิ์สิทธิ์,อาลิตา,ปลายงุ้ม2 โคนงุ้ม3,,
23/06/2026 09:23:00,SG-01,477,1266037-02,22/06/2026,20:50,489,23,11,,,,,,,,,,,,,,12,466,-,-,,,,,,...(เต้),,,ศักดิ์สิทธิ์,,โคนงุ้ม5 ปลายงุ้ม7,,
23/06/2026 09:25:58,SG-02,477,1266035-13,22/06/2026,21:15,521,103,14,,,,,,,,,,,,,,89,418,-,-,,,,,,...(รัตนา),,,ศักดิ์สิทธิ์,,ปลายงุ้ม50 โคนงุ้ม39,,
23/06/2026 09:29:16,SG-01,477,1266037-03,23/06/2026,09:25,490,42,21,,,,,,,,,,,,,,21,448,-,-,,,,,,...(เต้),,,ศักดิ์สิทธิ์,,โคนงุ้ม13 ปลายงุ้ม8,,
23/06/2026 13:48:19,SG-01,477,1266036-06,23/06/2026,14:40,483,124,9,,,,,,,,,,,,,,115,359,-,-,,,,,,...(รัตนา),,,ศักดิ์สิทธิ์,,ปลายงุ้ม91 โคนงุ้ม24,,
23/06/2026 19:52:28,SG-01,477,1266037-01,23/06/2026,17:43,489,113,58,,,,,,,,,,,,,,55,376,-,-,,,,,,...(รัตนา),,,ศักดิ์สิทธิ์,,ปลายงุ้ม49 โคนงุ้ม6,,
23/06/2026 21:38:15,SG-01,477,1266036-05,23/06/2026,21:00,499,153,67,,,,,,,,,,,,,,86,346,-,-,,,,,,...(รัตนา),,,ศักดิ์สิทธิ์,,ปลายงุ้ม44 โคนงุ้ม42,,
23/06/2026 13:18:56,SG-02,477,1266036-12,23/06/2026,10:20,493,55,13,,,,,,,,,,,,,,42,438,-,-,,,,,,...(รัตนา),,,ศักดิ์สิทธิ์,,ปลายงุ้ม11 โคนงุ้ม31,,
23/06/2026 16:05:59,SG-02,477,1266034-13,23/06/2026,15:21,498,75,16,,,,,,,,,,,,,,59,423,-,-,,,,,,...(เต้),,,ศักดิ์สิทธิ์,,โคนงุ้ม28 ปลายงุ้ม31,,
23/06/2026 19:47:45,SG-02,477,1266036-11,23/06/2026,18:29,480,62,34,,,,,,,,,,,,,,28,418,-,-,,,,,,...(เต้),,,ศักดิ์สิทธิ์,,โคนงุ้ม7 ปลายงุ้ม21,,
23/06/2026 21:35:09,SG-02,477,1266071-13,23/06/2026,21:18,479,85,51,,,,,,,,,,,,,,34,394,-,-,,,,,,...(เต้),,,ศักดิ์สิทธิ์,,โคนงุ้ม8 ปลายงุ้ม26,,
24/06/2026 12:38:20,SG-01,477,1266072-01,24/06/2026,10:30,501,98,43,,,,,,,,,,,,,,55,403,-,-,,,,,,...(รัตนา),,,ศักดิ์สิทธิ์,,ปลายงุ้ม45 โคนงุ้ม32,,
24/06/2026 17:10:02,SG-01,477,1266071-11,24/06/2026,14:55,494,100,36,,,,,,,,,,,,,,64,394,-,-,,,,,,...(รัตนา),,,ศักดิ์สิทธิ์,,ปลายงุ้ม31 โคนงุ้ม33,,
24/06/2026 19:50:05,SG-01,477,1266071-01,24/06/2026,18:15,497,161,81,,,,,,,,,,,,,,80,336,-,-,,,,,,...(รัตนา),,,ศักดิ์สิทธิ์,,ปลายงุ้ม53 โคนงุ้ม27,,
25/06/2026 11:56:53,SG-01,477,1266071-07,24/06/2026,21:50,494,170,127,,,,,,,,,,,,,,43,324,-,-,,,,,,...(รัตนา),,,ศักดิ์สิทธิ์,,ปลายงุ้ม29 โคนงุ้ม114,,
25/06/2026 13:00:25,SG-01,477,1265078-01,25/06/2026,12:40,438,55,19,,,,,,,,,,,,,,36,383,เปลี่ยน,เปลี่ยน,12,,,08:05,09:20,...(เต้),,,ศักดิ์สิทธิ์,,ปลายงุ้ม18 โคนงุ้ม8,,
25/06/2026 17:14:04,SG-01,477,1266071-08,25/06/2026,15:25,483,58,21,,,,,,,,,,,,,,37,425,-,-,,,,,,...(เต้),,,ศักดิ์สิทธิ์,,ปลายงุ้ม2 โคนงุ้ม35,,
25/06/2026 19:48:18,SG-01,477,1266072-08,25/06/2026,18:20,497,27,12,,,,,,,,,,,,,,15,470,-,-,,,,,,...(เต้),,,ศักดิ์สิทธิ์,,ปลายงุ้ม7 โคนงุ้ม8,,
24/06/2026 12:36:26,SG-02,477,1266071-12,24/06/2026,10:12,499,46,25,,,,,,,,,,,,,,21,453,-,-,,,,,,...(เต้),,,ศักดิ์สิทธิ์,,โคนงุ้ม10 ปลายงุ้ม11,,
24/06/2026 17:08:06,SG-02,477,1266071-09,24/06/2026,14:25,497,62,56,,,,,,,,,,,,,,6,435,-,-,,,,,,...(เต้),,,ศักดิ์สิทธิ์,,โคนงุ้ม4 ปลายงุ้ม2,,
24/06/2026 19:43:32,SG-02,477,1266071-02,24/06/2026,18:05,492,102,87,,,,,,,,,,,,,,15,390,เปลี่ยน,เปลี่ยน,492,,,18:05,19:30,...(เต้),,,ศักดิ์สิทธิ์,,โคนงุ้ม13 ปลายงุ้ม2,,
17/06/2026 21:06:01,SG-02,477,1266032-12,17/06/2026,19:45,495,42,3,,,,,,,,,,,,,,39,453,-,-,,,,,,...(รัตนา),,,ศักดิ์สิทธิ์,,ปลายงุ้ม15 โคนงุ้ม24,,
25/06/2026 21:53:58,SG-01,477,1266073-03,25/06/2026,20:45,500,20,6,,,,,,,,,,,,,,14,480,-,-,,,,,,...(เต้),,,ศักดิ์สิทธิ์,,โคนงุ้ม12 ปลายงุ้ม2,,
25/06/2026 13:11:31,SG-02,477,1266071-05,25/06/2026,08:10,424,58,29,,,,,,,,,,,,,,29,366,-,-,,,,,,...(รัตนา),,,ศักดิ์สิทธิ์,,ปลายงุ้ม19 โคนงุ้ม10,,
25/06/2026 13:13:39,SG-02,477,1266071-04,25/06/2026,10:50,472,39,,,,,,,,,,,,,,,39,433,-,-,,,,,,...(รัตนา),,,ศักดิ์สิทธิ์,,ปลายงุ้ม25 โคนงุ้ม19,,
25/06/2026 13:50:28,SG-02,477,1266036,25/06/2026,13:15,219,24,2,,,,,,,,,,22,,,,,195,-,-,,,,,,...(รัตนา),,,ศักดิ์สิทธิ์,,,,
25/06/2026 17:10:01,SG-02,477,1265128-02,25/06/2026,16:30,538,35,2,,,,,,,,,,,,,,33,503,-,-,,,,,,...(รัตนา),,,ศักดิ์สิทธิ์,,ปลายงุ้ม20 โคนงุ้ม13,,
25/06/2026 19:50:44,SG-02,477,1264068-06,25/06/2026,19:10,363,14,7,,,,,,,,,,,,,,7,349,-,-,,,,,,...(รัตนา),,,ศักดิ์สิทธิ์,,ปลายงุ้ม13 โคนงุ้ม10,,
26/06/2026 10:53:12,SG-01,477,1266072-12,26/06/2026,09:40,502,41,10,,,,,,,,,,,,,,31,461,-,-,,,,,,...(เต้),,,ศักดิ์สิทธิ์,,ปลายงุ้ม4 โคนงุ้ม27,,
26/06/2026 10:56:20,SG-02,477,1265125,26/06/2026,08:50,575,76,27,,,,,,,,,,49,,,,,499,-,-,,,,,,...(รัตนา),,,ศักดิ์สิทธิ์,,,,
26/06/2026 13:19:11,SG-02,477,1266072-10,26/06/2026,13:05,501,63,22,,,,,,,,,,,,,,41,438,-,-,,,,,,...(รัตนา),,,ศักดิ์สิทธิ์,,ปลายงุ้ม8 โคนงุ้ม33,,
26/06/2026 17:41:39,SG-01,477,1266036-03,26/06/2026,13:43,522,37,15,,,,,,,,,,,,,,22,485,-,-,,,,,,...(เต้),,,ศักดิ์สิทธิ์,,โคนงุ้ม22,,
26/06/2026 17:44:22,SG-01,477,1266036-07,26/06/2026,16:11,495,51,28,,,,,,,,,,,,,,23,444,-,-,,,,,,...(เต้),,,ศักดิ์สิทธิ์,,ปลายงุ้ม8 โคนงุ้ม15,,
26/06/2026 17:46:58,SG-02,477,1266072-13,26/06/2026,16:30,500,87,32,,,,,,,,,,,,,,55,413,-,-,,,,,,...(รัตนา),,,ศักดิ์สิทธิ์,,ปลายงุ้ม22 โคนงุ้ม33,,
26/06/2026 21:22:26,SG-01,477,1266036-04,26/06/2026,19:20,493,53,29,,,,,,,,,,,,,,24,440,-,-,,,,,,...(เต้),,,ศักดิ์สิทธิ์,,โคนงุ้ม17 ปลายงุ้ม7,,
26/06/2026 21:24:42,SG-02,477,1266072-09,26/06/2026,20:15,500,54,30,,,,,,,,,,,,,,24,446,-,-,,,,,,...(รัตนา),,,ศักดิ์สิทธิ์,,โคนงุ้ม13 ปลายงุ้ม11,,
27/06/2026 08:54:01,SG-02,477,1266072-03,27/06/2026,08:50,410,56,50,,,,,,,,,,,,,,6,354,-,-,,,,,,...(รัตนา),,,ศักดิ์สิทธิ์,,โคนงุ้ม6,,
27/06/2026 08:56:36,SG-01,477,1266073-01,27/06/2026,08:15,500,67,46,,,,,,,,,,,,,,21,433,-,-,,,,,,...(เต้),,,ศักดิ์สิทธิ์,,โคนงุ้ม12 ปลายงุ้ม9,,
30/06/2026 08:21:36,SG-02,477,1266073-06,29/06/2026,21:40,412,91,65,,,,,,,,,,,,,,26,321,-,-,,,,,,...(รัตนา),,,ศักดิ์สิทธิ์,,ปลายงุ้ม14 โคนงุ้ม12,17:00-19:30,150
30/06/2026 08:27:37,SG-01,477,1266073-05,29/06/2026,20:30,435,74,51,,,,,,,,,,,,,,23,361,เปลี่ยน,เปลี่ยน,231,,,18:30,19:25,...(เต้),,,ศักดิ์สิทธิ์,,ปลายงุ้ม16 โคนงุ้ม7,17:50-18:07,17
30/06/2026 10:08:29,SG-01,477,1266072-06,30/06/2026,09:09,500,11,3,,,,,,,,,,,,,,8,489,-,-,,,,,,...(เต้),,,ศักดิ์สิทธิ์,,โคนงุ้ม6ปลายงุ้ม2,,0
30/06/2026 14:48:10,SG-01,477,1266075-01,30/06/2026,12:55,546,28,13,,,,,,,,,,,,,,15,518,-,-,,,,,,...(เต้),,,ศักดิ์สิทธิ์,,โคนงุ้ม11 ปลายงุ้ม4,,0
30/06/2026 14:48:10,SG-02,477,xxxxxx-xx,30/06/2026,12:55,0,0,0,,,,,,,,,,,,,,0,0,เปลี่ยน,เปลี่ยน,0,,,,,...(รัตนา),,,ศักดิ์สิทธิ์,,รัตนาลางาน1วัน เปลี่ยนหิน ตอนไม่รันเครื่อง,,0
01/07/2026 12:44:56,SG-01,477,1266073-08,01/07/2026,09:35,471,46,10,,,,,,,,,,,,,,36,425,-,-,,,,,,...(เต้),,,ศักดิ์สิทธิ์,,โคนงุ้ม17 ปลายงุ้ม19,,0
01/07/2026 12:49:39,SG-02,477,1266075-02,01/07/2026,12:40,498,48,6,,,,,,,,,,,,,,42,450,-,-,,,,,,...(รัตนา),,,ศักดิ์สิทธิ์,,42ปลายงุ้ม31 โคนงุ้ม11,,0
01/07/2026 13:07:13,SG-01,477,1266074-12,30/06/2026,15:27,499,21,11,,,,,,,,,,,,,,10,478,-,-,,,,,,...(เต้),,,ศักดิ์สิทธิ์,,โคนงุ้ม7 ปลายงุ้ม3,,0
01/07/2026 17:09:17,SG-01,477,1266073-04,01/07/2026,16:00,476,29,17,,,,,,,,,,,,,,12,447,-,-,,,,,,...(เต้),,,ศักดิ์สิทธิ์,,โคนงุ้ม11 ปลายงุ้ม1,,0
01/07/2026 17:12:59,SG-01,477,1266075-06,01/07/2026,13:20,498,27,16,,,,,,,,,,,,,,11,471,-,-,,,,,,...(เต้),,,ศักดิ์สิทธิ์,,โคนงุ้ม11,,0
01/07/2026 17:28:06,SG-02,477,1266075-04,01/07/2026,15:30,499,34,,,,,,,,,,,,,,,34,465,-,-,,,,,,...(รัตนา),,,ศักดิ์สิทธิ์,,ปลายงุ้ม22 โคนงุ้ม12,,0
01/07/2026 21:12:27,SG-02,477,1266074-11,01/07/2026,19:10,501,88,14,,,,,,,,,,,,,,74,413,-,-,,,,,,...(รัตนา),,,ศักดิ์สิทธิ์,,โคนงุ้ม8 ปลายงุ้ม66,,0
01/07/2026 21:14:16,SG-01,477,1266076-01,01/07/2026,19:10,498,36,33,,,,,,,,,,,,,,3,462,-,-,,,,,,...(เต้),,,ศักดิ์สิทธิ์,,โคนงุ้ม1 ปลายงุ้ม2,,0
02/07/2026 13:02:26,SG-01,477,1266074-02,01/07/2026,21:50,500,55,50,,,,,,,,,,,,,,5,445,-,-,,,,,,...(เต้),,,ศักดิ์สิทธิ์,,ปลายงุ้ม3 โคนงุ้ม2,,0
02/07/2026 13:04:41,SG-01,477,1266074-08,02/07/2026,10:30,500,67,60,,,,,,,,,,,,,,7,433,-,-,,,,,,...(เต้),,,ศักดิ์สิทธิ์,,ปลายงุ้ม4 โคนงุ้ม3,,0
02/07/2026 13:07:05,SG-02,477,1266074-10,02/07/2026,08:25,501,78,39,,,,,,,,,,,,,,39,423,-,-,,,,,,...(รัตนา),,,ศักดิ์สิทธิ์,,ปลายงุ้ม31 โคนงุ้ม8,,0
02/07/2026 13:09:52,SG-02,477,1266073-07,02/07/2026,11:25,499,68,8,,,,,,,,,,,,,,60,431,-,-,,,,,,...(รัตนา),,,ศักดิ์สิทธิ์,,ปลายงุ้ม42 โคนงุ้ม18,,0
02/07/2026 17:12:07,SG-01,477,1266074-09,02/07/2026,15:27,525,91,81,,,,,,,,,,,,,,10,434,เปลี่ยน,เปลี่ยน,365,,,13:45,14:20,...(เต้),,,ศักดิ์สิทธิ์,,ปลายงุ้ม1 โคนงุ้ม9,14:25-14:35,10
02/07/2026 17:15:40,SG-02,477,1266074-13,02/07/2026,15:40,489,102,65,,,,,,,,,,,,,,37,387,-,-,,,,,,...(รัตนา),,,ศักดิ์สิทธิ์,,ปลายงุ้ม14 โคนงุ้ม23,,0
02/07/2026 21:50:11,SG-01,477,1266075-07,02/07/2026,18:28,499,36,14,,,,,,,,,,,,,,22,463,-,-,,,,,,...(เต้),,,ศักดิ์สิทธิ์,,โคนงุ้ม9 ปลายงุ้ม13,,0
02/07/2026 21:52:33,SG-01,477,1266038-01,02/07/2026,21:00,499,39,4,,,,,,,,,,,,,,35,460,-,-,,,,,,...(เต้),,,ศักดิ์สิทธิ์,,ปลายงุ้ม3 โคนงุ้ม32 (หัวม้วน),,0
02/07/2026 21:54:33,SG-02,477,1266073-09,02/07/2026,19:20,490,116,61,,,,,,,,,,,,,,55,374,-,-,,,,,,...(รัตนา),,,ศักดิ์สิทธิ์,,ปลายงุ้ม26 โคนงุ้ม29,,0
03/07/2026 12:39:25,SG-02,477,1266071-03,03/07/2026,08:25,497,106,53,,,,,,,,,,,,,,53,391,-,-,,,,,,...(รัตนา),,,ศักดิ์สิทธิ์,,ปลายงุ้ม17 โคนงุ้ม36,,0
03/07/2026 12:43:56,SG-01,477,1266072-05,03/07/2026,09:45,474,34,8,,,,,,,,,,,,0,,26,440,-,-,,,,,,...(เต้),,,ศักดิ์สิทธิ์,,ปลายงุ้ม4 โคนงุ้ม22,,0
03/07/2026 13:57:41,SG-01,477,1266075-09,03/07/2026,13:52,509,40,16,,,,,,,,,,,,,,24,469,-,-,,,,,,...(เต้),,,ศักดิ์สิทธิ์,,โคนงุ้ม12 ปลายงุ้ม2,,0
03/07/2026 14:28:31,SG-02,477,1266072-07,03/07/2026,13:53,462,11,,,,,,,,,,,11,,,,,451,เปลี่ยน,เปลี่ยน,196,,,09:55,10:40,...(รัตนา),,,ศักดิ์สิทธิ์,,,10:25-10:40,15
03/07/2026 20:52:56,SG-01,477,1266075-03,03/07/2026,16:24,500,26,16,,,,,,,,,,,,,,10,474,-,-,,,,,,...(เต้),,,ศักดิ์สิทธิ์,,ปลายงุ้ม5 โคนงุ้ม5,,0
03/07/2026 21:03:57,SG-01,477,1266075-05,03/07/2026,19:34,474,23,13,,,,,,,,,,,,,,10,451,-,-,,,,,,...(เต้),,,ศักดิ์สิทธิ์,,โคนงุ้ม5 ปลายงุ้ม5,,0
03/07/2026 21:07:43,SG-02,477,1266038-02,03/07/2026,17:35,503,46,9,,,,,,,,,,,,,,37,457,-,-,,,,,,...(รัตนา),,,ศักดิ์สิทธิ์,,ปลายงุ้ม20 โคนงุ้ม17,,0
03/07/2026 21:09:21,SG-02,477,1266075-08,03/07/2026,20:15,480,44,13,,,,,,,,,,,,,,31,436,-,-,,,,,,...(รัตนา),,,ศักดิ์สิทธิ์,,ปลายงุ้ม21 โคนงุ้ม10,,0
04/07/2026 14:00:32,SG-01,477,1266075-11,04/07/2026,08:44,517,33,19,,,,,,,,,,,,,,14,484,-,-,,,,,,...(เต้),,,ศักดิ์สิทธิ์,,ปลายงุ้ม6 โคนงุ้ม8,,0
04/07/2026 14:02:12,SG-01,477,1266073-12,04/07/2026,12:45,556,14,12,,,,,,,,,,,,,,2,542,-,-,,,,,,...(เต้),,,ศักดิ์สิทธิ์,,โคนงุ้ม2,,0
04/07/2026 17:46:27,SG-01,477,1266074-04,04/07/2026,15:27,494,26,17,,,,,,,,,,,,,,9,468,-,-,,,,,,...(เต้),,,ศักดิ์สิทธิ์,,โคนงุ้ม4 ปลายงุ้ม5,,0
04/07/2026 18:00:30,SG-02,477,1266075-10,04/07/2026,17:38,405,28,12,,,,,,,,,,,,,,16,377,-,-,,,,,,...(ป้อม),,,ศักดิ์สิทธิ์,,ปลายงุ้ม9 คลื่น7,,0
06/07/2026 09:41:01,SG-01,477,1266076-06,06/07/2026,21:30,449,41,19,,,,,,,,,,,,,,22,408,เปลี่ยน,เปลี่ยน,115,,,08:00,08:45,...(เต้),,,ศักดิ์สิทธิ์,,โคนงุ้ม5 ปลาย17,08:30-08:45,15
06/07/2026 09:43:37,SG-01,477,1266075-13,06/07/2026,18:45,498,39,29,,,,,,,,,,,,,,10,459,-,-,,,,,,...(เต้),,,ศักดิ์สิทธิ์,,ปลายงุ้ม2 โคนงุ้ม8,,0
06/07/2026 13:47:29,SG-01,477,1266036-02,06/07/2026,11:14,441,27,8,,,,,,,,,,,,,,19,414,-,-,,,,,,...(เต้),,,ศักดิ์สิทธิ์,,โคนงุ้ม12 ปลายงุ้ม7,,0
06/07/2026 13:51:24,SG-02,477,1266074-05,06/07/2026,11:15,510,39,10,,,,,,,,,,,,,,29,471,-,-,,,,,,...(ป้อม),,,ศักดิ์สิทธิ์,,ปลายงุ้ม11 โคนงุ้ม19 (พี่ป้อม),,0
06/07/2026 17:27:52,SG-02,477,1266073-02,06/07/2026,15:50,500,24,8,,,,,,,,,,,,,,16,476,-,-,,,,,,...(ป้อม),,,ศักดิ์สิทธิ์,,ปลาย5 โคนงุ้ม11,,0
06/07/2026 17:39:17,SG-01,477,1266072-04,06/07/2026,14:54,500,12,1,,,,,,,,,,,,,,11,488,-,-,,,,,,...(เต้),,,ศักดิ์สิทธิ์,,ปลายงุ้ม4 โคนงุ้ม7,,0
06/07/2026 21:03:21,SG-02,477,1266074-06,06/07/2026,19:47,495,24,13,,,,,,,,,,,,,,11,471,-,-,,,,,,...(ป้อม),,,ศักดิ์สิทธิ์,,โคนงุ้ม11,,0
06/07/2026 21:06:58,SG-01,477,1266076-09,06/07/2026,20:58,498,28,9,15,,,,,,,,,,,,,4,470,-,-,,,,,,...(เต้),,,ศักดิ์สิทธิ์,,โคนงุ้ม2 ปลายงุ้ม2,,0
06/07/2026 21:09:48,SG-01,477,1266076-11,06/07/2026,18:24,481,54,25,19,,,,,,,,,,,,,10,427,-,-,,,,,,...(เต้),,,ศักดิ์สิทธิ์,,โคนงุ้ม6 ปลายงุ้ม4,,0
07/07/2026 11:12:32,SG-02,477,1266074-03,07/07/2026,09:20,492,23,18,5,,,,,,,,,,,,,,469,-,-,,,,,,...(ป้อม),,,ศักดิ์สิทธิ์,,,,0
07/07/2026 11:16:34,SG-01,477,1266074,07/07/2026,09:24,280,25,10,12,,,,,,,,,3,,,,,255,-,-,,,,,,...(เต้),,,ศักดิ์สิทธิ์,,,,0
07/07/2026 11:21:39,SG-01,477,1266077,07/07/2026,11:14,386,39,14,9,,,,,,,,,16,,,,,347,-,-,,,,,,...(เต้),,,ศักดิ์สิทธิ์,,,,0
07/07/2026 17:15:29,SG-02,477,1266075-12,07/07/2026,13:52,499,21,12,9,,,,,,,,,,,,,,478,-,-,,,,,,...(ป้อม),,,ศักดิ์สิทธิ์,,,,0
07/07/2026 17:25:49,SG-01,477,1266073-10,07/07/2026,14:58,495,11,5,6,,,,,,,,,,,,,,484,-,-,,,,,,...(เต้),,,ศักดิ์สิทธิ์,,,,0
08/07/2026 08:01:51,SG-01,477,1266076-05,07/07/2026,18:30,491,46,20,23,,,,,,,,,,,,,3,445,-,-,,,,,,...(เต้),,,ศักดิ์สิทธิ์,,โคนงุ้ม3,,0
08/07/2026 08:11:34,SG-02,477,1266072-11,08/07/2026,18:09,491,67,13,54,,,,,,,,,,,,,,424,เปลี่ยน,เปลี่ยน,491,,,18:20,18:30,...(ป้อม),,,ศักดิ์สิทธิ์,,,18:30-19:13,43
08/07/2026 13:01:24,SG-01,477,1266076-02,08/07/2026,09:08,485,49,39,,,,,,,,,,,,,,10,436,-,-,,,,,,...(เต้),,,ศักดิ์สิทธิ์,,โคนงุ้ม7 ปลายงุ้ม3,,0
08/07/2026 13:14:38,SG-02,477,1266073-13,08/07/2026,09:56,435,27,13,,,,,,,,,,,,,,14,408,-,-,,,,,,...(ป้อม),,,ศักดิ์สิทธิ์,,ปลายงุ้ม14,,0
08/07/2026 15:41:47,SG-02,477,1266076-13,08/07/2026,15:04,489,20,10,,,,,,,,,,,,,,10,469,-,-,,,,,,...(ป้อม),,,ศักดิ์สิทธิ์,,โคนงุ้ม,,0
08/07/2026 15:44:56,SG-01,477,1266076-04,08/07/2026,13:52,498,36,33,,,,,,,,,,,,,,3,462,-,-,,,,,,...(เต้),,,ศักดิ์สิทธิ์,,โคนงุ้ม3,,0
08/07/2026 19:59:09,SG-02,477,1266076-12,08/07/2026,19:10,493,36,32,,,,,,,,,,,,,,4,457,-,-,,,,,,...(ป้อม),,,ศักดิ์สิทธิ์,,ปลายงุ้ม4,,0
08/07/2026 20:18:26,SG-01,477,1266076-03,08/07/2026,18:30,487,35,19,,,,,,,,,,,,,,16,452,เปลี่ยน,เปลี่ยน,487,,,13:50,14:20,...(เต้),,,ศักดิ์สิทธิ์,,โคนงุ้ม16,14:20-14:50,30
08/07/2026 21:16:16,SG-01,477,1266077-04,08/07/2026,21:11,495,66,55,,,,,,,,,,,,,,11,429,-,-,,,,,,...(เต้),,,ศักดิ์สิทธิ์,,โคนงุ้ม9 ปลายงุ้ม2,,0
09/07/2026 13:31:04,SG-01,477,1266077-03,09/07/2026,10:30,500,41,25,,,,,,,,,,,,,,16,459,-,-,,,,,,...(เต้),,,ศักดิ์สิทธิ์,,ปลายงุ้ม6 โคนงุ้ม10,,0
09/07/2026 17:11:00,SG-02,477,1266074-01,09/07/2026,15:13,497,26,17,,,,,,,,,,,,,,9,471,-,-,,,,,,...พี่เดือน,,,ศักดิ์สิทธิ์,,ปลายงุ้ม2 โคนงุ้ม7,,0
09/07/2026 17:15:44,SG-01,477,1266076-07,09/07/2026,15:18,546,49,25,,,,,,,,,,,,,,24,497,-,-,,,,,,...(เต้),,,ศักดิ์สิทธิ์,,โคนงุ้ม12 ปลายงุ้ม12,,0
09/07/2026 20:18:38,SG-02,477,1266076-10,09/07/2026,19:45,494,31,15,,,,,,,,,,,,,,16,463,-,-,,,,,,...พี่เดือน,,,ศักดิ์สิทธิ์,,โคนงุ้ม13 ปลายงุ้ม3 (พี่เดือน),,0
09/07/2026 20:23:11,SG-01,477,1266073-11,09/07/2026,18:52,497,35,16,,,,,,,,,,,,,,19,462,-,-,,,,,,...(เต้),,,ศักดิ์สิทธิ์,,โคนงุ้ม9 ปลายงุ้ม10,,0
09/07/2026 20:43:30,SG-01,477,1266077,09/07/2026,20:40,242,33,10,,,,,,,,,,,,,,23,209,-,-,,,,,,...(เต้),,,ศักดิ์สิทธิ์,,โคนงุ้ม8 ปลายงุ้ม15,,0
10/07/2026 11:27:31,SG-02,477,1266141-12,10/07/2026,09:30,501,42,18,,,,,,,,,,,,,,24,459,-,-,,,,,,...พี่เดือน,,,ศักดิ์สิทธิ์,โคนงุ้ม23 ปลายงุ้ม1,โคนงุ้ม 23 ปลายงุ้ม 1,,0
10/07/2026 11:29:13,SG-01,477,1266142-01,10/07/2026,09:58,501,41,20,,,,,,,,,,,,,,21,460,-,-,,,,,,...(เต้),,,ศักดิ์สิทธิ์,,ปลายงุ้ม11 โคนงุ้ม10,,0
10/07/2026 17:09:55,SG-02,477,1266141-13,10/07/2026,14:49,505,108,89,,,,,,,,,,,,,,19,397,-,-,,,,,,...พี่เดือน,,,ศักดิ์สิทธิ์,,โคนงุ้ม12 ปลายงุ้ม7,,0
10/07/2026 17:13:59,SG-01,477,1266141-02,10/07/2026,14:10,500,56,37,,,,,,,,,,,,,,19,444,-,-,,,,,,...(เต้),,,ศักดิ์สิทธิ์,,โคนงุ้ม17 ปลายงุ้ม 2,,0
10/07/2026 20:31:48,SG-02,477,1266141-10,10/07/2026,18:45,494,75,50,,,,,,,,,,,,,,25,419,-,-,,,,,,...พี่เดือน,,,ศักดิ์สิทธิ์,,โคนงุ้ม25,,0
10/07/2026 20:34:47,SG-01,477,1266141-03,10/07/2026,18:12,496,50,39,,,,,,,,,,,,,,11,446,-,-,,,,,,...(เต้),,,ศักดิ์สิทธิ์,,โคนงุ้ม10 ปลายงุ้ม1,,0
10/07/2026 21:42:37,SG-01,477,1266141-04,10/07/2026,21:09,493,57,47,,,,,,,,,,,,,,10,436,-,-,,,,,,...(เต้),,,ศักดิ์สิทธิ์,,ปลายงุ้ม2 โคนงุ้ม8,,0
11/07/2026 10:19:44,SG-02,477,1266141-11,11/07/2026,08:34,501,110,95,,,,,,,,,,,,,,15,391,-,-,,,,,,...พี่เดือน,,,ศักดิ์สิทธิ์,,ปลายงุ้ม6 โคนงุัม9,,0
11/07/2026 10:51:26,SG-02,477,1266074,11/07/2026,10:30,484,0,,,,,,,,,,,,,,,,484,-,-,,,,,,...พี่เดือน,,,ศักดิ์สิทธิ์,,,,0
11/07/2026 10:55:56,SG-01,477,1266141-05,11/07/2026,10:25,495,54,44,,,,,,,,,,,,,,10,441,-,-,,,,,,...(เต้),,,ศักดิ์สิทธิ์,,โคนงุ้ม8ปลายงุ้ม2,,0
13/07/2026 09:35:10,SG-02,477,1266141-06,13/07/2026,21:28,488,62,20,,,,,,,,,,,,,,42,426,-,-,,,,,,...พี่เดือน,,,ศักดิ์สิทธิ์,,ปลายงุ้ม4 โคนงุ้ม38,,0
13/07/2026 09:40:21,SG-01,477,1265124-01,11/07/2026,21:00,209,34,10,,,,,,,,,,,,,,24,175,-,-,,,,,,...(รัตนา),,,ศักดิ์สิทธิ์,,ปลายงุ้ม10 โคนงุ้ม14,,0
13/07/2026 09:46:39,SG-01,477,1266077-02,13/07/2026,09:38,433,30,18,,,,,,,,,,,,,,12,403,-,-,,,,,,...(เต้),,,ศักดิ์สิทธิ์,,โคนงุ้ม12,,0
13/07/2026 15:39:20,SG-01,477,1266142-04,13/07/2026,13:52,500,40,22,,,,,,,,,,,,,,18,460,-,-,,,,,,...(เต้),,,ศักดิ์สิทธิ์,,โคนงุ้ม13 ปลายงุ้ม5,,0
13/07/2026 15:43:27,SG-02,477,1266141-09,13/07/2026,11:08,498,50,27,,,,,,,,,,,,,,23,448,-,-,,,,,,...พี่เดือน,,,ศักดิ์สิทธิ์,,ปลายงุ้ม14 โคนงุ้ม9,,0
13/07/2026 17:06:44,SG-02,477,1266142-06,13/07/2026,15:50,502,51,27,,,,,,,,,,,,,,24,451,-,-,,,,,,...พี่เดือน,,,ศักดิ์สิทธิ์,,ปลายงุ้ม24,,0
13/07/2026 17:20:18,SG-01,477,1266142-05,13/07/2026,17:17,500,38,22,,,,,,,,,,,,,,16,462,-,-,,,,,,...(เต้),,,ศักดิ์สิทธิ์,,ปลายงุ้ม8 โคนงุ้ม8,,0
13/07/2026 20:25:15,SG-02,477,1266142-03,13/07/2026,19:23,498,51,35,,,,,,,,,,,,,,16,447,-,-,,,,,,...พี่เดือน,,,ศักดิ์สิทธิ์,,ปลายงุ้ม16,,0
13/07/2026 20:28:07,SG-01,477,1266142-07,13/07/2026,19:53,500,34,15,,,,,,,,,,,,,,19,466,-,-,,,,,,...(เต้),,,ศักดิ์สิทธิ์,,โคนงุ้ม9 ปลายงุ้ม10,,0
14/07/2026 12:34:49,SG-02,477,1266142-08,14/07/2026,08:00,426,53,34,,,,,,,,,,,,,,19,373,-,-,,,,,,...(ป้อม),,,ศักดิ์สิทธิ์,,ปลายงุ้ม19,,0
14/07/2026 17:07:35,SG-02,477,1266143-12,14/07/2026,13:12,500,87,61,,,,,,,,,,,,,,26,413,-,-,,,,,,...(ป้อม),,,ศักดิ์สิทธิ์,,ปลายงุ้ม26,,0
14/07/2026 17:09:52,SG-02,477,1266143-07,14/07/2026,16:21,500,78,57,,,,,,,,,,,,,,21,422,-,-,,,,,,...(ป้อม),,,ศักดิ์สิทธิ์,,ปลายงุ้ม15 โคนงุ้ม6,,0
14/07/2026 17:11:53,SG-01,477,1266144-02,14/07/2026,15:50,499,47,21,,,,,,,,,,,,,,26,452,-,-,,,,,,...(เต้),,,ศักดิ์สิทธิ์,,โคนงุ้ม10 ปลายงุ้ม16,,0
14/07/2026 17:14:11,SG-01,477,1266143-03,14/07/2026,13:08,500,54,28,,,,,,,,,,,,,,26,446,-,-,,,,,,...(เต้),,,ศักดิ์สิทธิ์,,ปลายงุ้ม13 โคนงุ้ม13,,0
14/07/2026 20:32:51,SG-02,477,1266142-11,14/07/2026,20:03,500,98,75,,,,,,,,,,,,,,23,402,-,-,,,,,,...(ป้อม),,,ศักดิ์สิทธิ์,,ปลายงุ้ม23,,0
14/07/2026 20:41:49,SG-01,477,1266143-08,14/07/2026,19:13,501,63,51,,,,,,,,,,,,,,12,438,-,-,,,,,,...(เต้),,,ศักดิ์สิทธิ์,,โคนงุ้ม8 ปลายงุ้ม4,,0
14/07/2026 20:47:34,SG-01,477,1266076-08,14/07/2026,20:43,397,31,23,,,,,,,,,,,,,,8,366,-,-,,,,,,...(เต้),,,ศักดิ์สิทธิ์,,โคนงุ้ม8,,0
15/07/2026 12:44:17,SG-01,477,1266143-05,15/07/2026,09:35,494,54,31,,,,,,,,,,,,,,23,440,-,-,,,,,,...(เต้),,,ศักดิ์สิทธิ์,,ปลายงุ้ม23,,0
15/07/2026 17:26:04,SG-02,477,1266142-10,15/07/2026,14:10,499,88,34,,,,,,,,,,,,,,54,411,-,-,,,,,,...(ป้อม),,,ศักดิ์สิทธิ์,,ปลายงุ้ม31 โคนงุ้ม23,,0
15/07/2026 17:30:42,SG-01,477,1266143-01,15/07/2026,17:05,505,79,55,,,,,,,,,,,,,,24,426,-,-,,,,,,...(เต้),,,ศักดิ์สิทธิ์,,ปลายงุ้ม11 โคนงุ้ม13,,0
15/07/2026 17:38:05,SG-01,477,1266142-13,15/07/2026,13:40,499,73,46,,,,,,,,,,,,,,27,426,-,-,,,,,,...(เต้),,,ศักดิ์สิทธิ์,,ปลายงุ้ม19 โคนงุ้ม8,,0
15/07/2026 21:03:26,SG-01,477,1266143-10,15/07/2026,19:31,387,63,53,,,,,,,,,,,,,,10,324,-,-,,,,,,...(เต้),,,ศักดิ์สิทธิ์,,โคนงุ้ม5 ปลายงุ้ม5,,0
15/07/2026 21:05:37,SG-02,477,1266142-12,15/07/2026,18:12,506,98,41,,,,,,,,,,,,,,57,408,-,-,,,,,,...(ป้อม),,,ศักดิ์สิทธิ์,,โคนงุ้ม15 ปลายงุ้ม42,,0
16/07/2026 13:03:52,SG-01,477,1266144-01,16/07/2026,09:55,381,85,20,,,,,,,,,,,,,,65,296,-,-,,,,,,...(เต้),,,ศักดิ์สิทธิ์,,โคนงุ้ม37 ปลายงุ้ม28,,0
16/07/2026 13:07:45,SG-02,477,1266142-09,16/07/2026,08:42,452,8,,,2,,,,,,,,,,,,6,444,-,-,,,,,,...(ป้อม),,,ศักดิ์สิทธิ์,,โคนงุ้ม6,,0
16/07/2026 18:21:38,SG-02,477,1266144,16/07/2026,14:11,462,40,40,,,,,,,,,,,,,,,422,-,-,,,,,,สุชาดา(ส้ม),,,ศักดิ์สิทธิ์,,,,0
16/07/2026 18:32:09,SG-01,477,1266143-02,16/07/2026,14:35,497,96,27,,,,,,,,,,,,,,69,401,-,-,,,,,,...(เต้),,,ศักดิ์สิทธิ์,,ปลายงุ้ม14 โคนงุ้ม55,,0
16/07/2026 19:37:09,SG-01,477,1266144-06,16/07/2026,19:03,499,88,37,,,,,,,,,,,,,,51,411,-,-,,,,,,...(เต้),,,ศักดิ์สิทธิ์,,ปลายงุ้ม20 โคนงุ้ม31,,0
16/07/2026 19:45:12,SG-02,477,1266146-01,16/07/2026,19:12,494,51,16,,,,,,,,,,,,,,35,443,-,-,,,,,,สุชาดา(ส้ม),,,ศักดิ์สิทธิ์,,โคนงุ้ม28 ปลายงุ้ม7,,0
17/07/2026 08:13:15,SG-01,477,1266144-09,16/07/2026,21:43,501,78,33,,,,,,,,,,,,,,45,423,-,-,,,,,,...(เต้),,,ศักดิ์สิทธิ์,,ปลายงุ้ม21 โคนงุ้ม24,,0
17/07/2026 12:53:32,SG-02,477,1266144-03,17/07/2026,08:37,500,70,28,,,,,,,,,,,,,,42,430,-,-,,,,,,...(ป้อม),,,ศักดิ์สิทธิ์,,โคนงุ้ม20 ปลายงุ้ม22,,0
17/07/2026 12:56:03,SG-01,477,1266144-04,17/07/2026,10:35,501,45,13,,,,,,,,,,,,,,32,456,-,-,,,,,,...(เต้),,,ศักดิ์สิทธิ์,,โคนงุ้ม25 ปลายงุ้ม7,,0
17/07/2026 17:07:15,SG-02,477,1266144-12,17/07/2026,16:00,500,34,17,,,,,,,,,,,,,,17,466,-,-,,,,,,...(ป้อม),,,ศักดิ์สิทธิ์,,โคนงุ้ม2 ปลายงุ้ม15,,0
17/07/2026 17:09:04,SG-02,477,1266144-05,17/07/2026,12:59,500,51,22,,,,,,,,,,,,,,29,449,-,-,,,,,,...(ป้อม),,,ศักดิ์สิทธิ์,,โคนงุ้ม9 ปลายงุ้ม20,,0
17/07/2026 17:15:46,SG-01,477,1266144-13,17/07/2026,14:40,500,52,33,,,,,,,,,,,,,,19,448,-,-,,,,,,...(เต้),,,ศักดิ์สิทธิ์,,โคนงุ้ม16 ปลายงุ้ม3,,0
17/07/2026 20:42:22,SG-02,477,1266144-11,17/07/2026,19:10,501,28,26,,,,,,,,,,,,,,2,473,-,-,,,,,,...(ป้อม),,,ศักดิ์สิทธิ์,,ปลายงุ้ม2,,0
17/07/2026 20:46:17,SG-01,477,1266145-12,17/07/2026,17:57,473,41,31,,,,,,,,,,,,,,10,432,-,-,,,,,,...(เต้),,,ศักดิ์สิทธิ์,,โคนงุ้ม9 ปลายงุ้ม1,,0
17/07/2026 20:58:01,SG-01,477,1266145-01,17/07/2026,20:55,500,52,32,,,,,,,,,,,,,,20,448,-,-,,,,,,...(เต้),,,ศักดิ์สิทธิ์,,ปลายวุ้ม15 ฌคนงุ้ม5,,0
18/07/2026 12:57:17,SG-02,477,1266145-05,18/07/2026,11:08,492,28,24,,,,,,,,,,,,,,4,464,-,-,,,,,,...(ป้อม),,,ศักดิ์สิทธิ์,,โคนงุ้ม2ปลายงุ้ม2,,0
18/07/2026 12:59:11,SG-02,477,1266146-06,18/07/2026,07:57,495,37,27,,,,,,,,,,,,,,10,458,-,-,,,,,,...(ป้อม),,,ศักดิ์สิทธิ์,,ปลายงุ้ม9 โคนงุ้ม1,,0
18/07/2026 13:01:54,SG-01,477,1266146-12,18/07/2026,09:40,497,33,22,,,,,,,,,,,,,,11,464,-,-,,,,,,...(เต้),,,ศักดิ์สิทธิ์,,ปลายงุ้ม9 โคนงุ้ม2,,0
20/07/2026 07:39:13,SG-02,477,1266147-02,18/07/2026,15:49,506,99,52,,,,,,,,,,,,,,47,407,-,-,,,,,,...(ป้อม),,,ศักดิ์สิทธิ์,,โคนงุ้ม11 ปลายงุ้ม36,,0
20/07/2026 07:43:03,SG-01,477,1165145-04,18/07/2026,16:25,495,65,57,,,,,,,,,,,,,,8,430,-,-,,,,,,...(เต้),,,ศักดิ์สิทธิ์,,ปลายงุ้ม4 โคนงุ้ม4,,0
20/07/2026 07:45:34,SG-01,477,1266145-11,18/07/2026,13:37,501,60,52,,,,,,,,,,,,,,8,441,-,-,,,,,,...(เต้),,,ศักดิ์สิทธิ์,,โคนงุ้ม4 ปลายงุ้ม4,,0
20/07/2026 13:02:11,SG-02,477,1266145-13,20/07/2026,10:57,480,75,55,,,,,,,,,,,,,,20,405,-,-,,,,,,...(ป้อม),,,ศักดิ์สิทธิ์,,โคนงุ้ม8 ปลายงุ้้ม12,,0
20/07/2026 13:05:11,SG-01,477,1266147-01,20/07/2026,10:45,495,68,50,,,,,,,,,,,,,,18,427,-,-,,,,,,...(เต้),,,ศักดิ์สิทธิ์,,โคนงุ้ม3 ปลายงุ้ม15,,0
20/07/2026 20:27:11,SG-01,477,1266145-09,20/07/2026,14:50,549,72,63,,,,,,,,,,,,,,9,477,-,-,,,,,,...(เต้),,,ศักดิ์สิทธิ์,,โคนงุ้ม3 ปลายงุ้ม6,,0
20/07/2026 20:30:25,SG-01,477,1266143-13,20/07/2026,18:45,462,61,46,,,,,,,,,,,,,,15,401,เปลี่ยน,เปลี่ยน,410,,,17:42,18:30,...(เต้),,,ศักดิ์สิทธิ์,,โคนงุ้ม4 ปลายงุ้ม11,18:00-18:30,30
20/07/2026 20:32:08,SG-02,477,1266143-04,20/07/2026,15:09,500,55,34,,,,,,,,,,,,,,21,445,-,-,,,,,,...(ป้อม),,,ศักดิ์สิทธิ์,,โคนงุ้ม10 ปลายงุ้ม11,,0
20/07/2026 20:33:34,SG-02,477,1266145-02,20/07/2026,19:00,500,73,61,,,,,,,,,,,,,,12,427,-,-,,,,,,...(ป้อม),,,ศักดิ์สิทธิ์,,โคนงุ้ม8 ปลายงุ้ม4,,0
21/07/2026 14:16:12,SG-01,477,1266143-06,20/07/2026,21:40,500,43,16,,,,,,,,,,,,,,27,457,-,-,,,,,,...(เต้),,,ศักดิ์สิทธิ์,,ปลายงุ้ม16 โคนงุ้ม11,,0
21/07/2026 14:23:03,SG-01,477,1266144-08,21/07/2026,10:22,444,32,18,,,,,,,,,,,,,,14,412,-,-,,,,,,...(เต้),,,ศักดิ์สิทธิ์,,ปลายงุ้ม7 โคนงุ้ม7,,0
21/07/2026 14:31:34,SG-01,477,1266144-10,21/07/2026,08:29,500,95,76,,,,,,,,,,,,,,19,405,-,-,,,,,,...(ป้อม),,,ศักดิ์สิทธิ์,,โคนงุ้ม11 ปลายงุ้ม8,,0
21/07/2026 14:46:56,SG-01,477,1266146-04,21/07/2026,14:42,493,39,34,,,,,,,,,,,,,,5,454,-,-,,,,,,...(เต้),,,ศักดิ์สิทธิ์,,โคนงุ้ม3 ปลายงุ้ม2,,0
22/07/2026 14:23:43,SG-02,477,1266145-07,22/07/2026,08:49,525,68,43,,,,,,,,,,,,,,25,457,-,-,,,,,,...(ป้อม),,,ภาณุวัชร,,โคนงุ้ม 16 ปลายงุัม9,,0
22/07/2026 14:25:43,SG-02,477,1266146-05,22/07/2026,01:26,494,53,26,,,,,,,,,,,,,,27,441,-,-,,,,,,...(ป้อม),,,ภาณุวัชร,,โคนงุ้ม 21  ปลายงุ้ม6,,0
22/07/2026 14:29:14,SG-01,477,1266146-02,22/07/2026,11:00,463,47,28,,,,,,,,,,,,,,19,416,-,-,,,,,,...(เต้),,,ภาณุวัชร,,โคนงุ้ม13 ปลายงุ้ม6 แบ่งไปทดลอง 30เล่ม (จำนวนบันทึก หักมีดทดลองแล้ว ในระบบ แต่ในใบลอตยังไม่ได้หักออก),,0
22/07/2026 19:07:15,SG-02,477,1266145-08,22/07/2026,17:09,477,37,23,,,,,,,,,,,,,,14,440,-,-,,,,,,...(ป้อม),,,ภาณุวัชร,,โคนงุ้ม 12 ปลายงุ้ม 2,,0
22/07/2026 19:11:05,SG-01,477,1266146-10,22/07/2026,18:06,496,50,31,,,,,,,,,,,,,,19,446,-,-,,,,,,...(เต้),,,ภาณุวัชร,,โคนงุ้ม12 ปลายงุ้ม7,,0
22/07/2026 19:13:04,SG-01,477,1266146-03,22/07/2026,14:47,516,50,46,,,,,,,,,,,,,,4,466,-,-,,,,,,...(เต้),,,ภาณุวัชร,,โคนงุ้ม4,,0
23/07/2026 09:42:22,SG-01,477,1266146-09,22/07/2026,20:31,489,93,84,,,,,,,,,,,,,,9,396,-,-,,,,,,...(เต้),,,ศักดิ์สิทธิ์,,โคนงุ้ม4 ปลายงุ้ม5,,0
23/07/2026 09:46:58,SG-01,477,1267073,23/07/2026,09:30,491,76,64,,,,,,,,,,,,,,12,415,-,-,,,,,,...(เต้),,,ศักดิ์สิทธิ์,,โคนงุ้ม5 ปลายงุ้ม7,,0
23/07/2026 09:50:28,SG-02,477,1266145-06,23/07/2026,09:25,506,56,56,,,,,,,,,,,,,,,450,-,-,,,,,,...(ป้อม),,,ศักดิ์สิทธิ์,,(กาน),,0
23/07/2026 09:52:45,SG-02,477,1266146-08,22/07/2026,20:04,487,69,40,,,,,,,,,,,,,,29,418,-,-,,,,,,...(ป้อม),,,ศักดิ์สิทธิ์,,โคนงุ้ม17 ปลายงุ้ม12,,0
23/07/2026 19:09:56,SG-02,477,1267073-10,23/07/2026,13:42,485,60,60,,,,,,,,,,,,,,,425,-,-,,,,,,...(ป้อม),,,ศักดิ์สิทธิ์,,(กาน),,0
23/07/2026 19:12:05,SG-01,477,1267073-08,23/07/2026,16:00,481,84,67,,,,,,,,,,,,,,17,397,-,-,,,,,,...(เต้),,,ศักดิ์สิทธิ์,,ปลายงุ้ม7 โคนงุ้ม10,,0
23/07/2026 19:13:55,SG-01,477,1267073-13,23/07/2026,13:15,471,84,65,,,,,,,,,,,,,,19,387,-,-,,,,,,...(เต้),,,ศักดิ์สิทธิ์,,โคนงุ้ม11 ปลายงุ้ม8,,0
25/07/2026 16:10:03,SG-01,477,1267072-09,25/07/2026,10:42,475,47,37,,,,,,,,,,,,,,10,428,-,-,,,,,,...(เต้),,,ศักดิ์สิทธิ์,,โคนงุ้ม5 ปลายงุ้ม5,,0
25/07/2026 16:27:21,SG-01,477,1267071-11,25/07/2026,15:20,480,64,38,,,,,,,,,,,,,,26,416,เปลี่ยน,เปลี่ยน,142,,,12:40,13:30,...(เต้),,,ศักดิ์สิทธิ์,,ปลายงุ้ม14 โคนงุ้ม12,13:00-13:30,30
30/07/2026 12:57:34,SG-01,477,1267072-03,25/07/2026,18:25,512,79,45,,,,,,,,,,,,,,34,433,-,-,,,,,,...(เต้),,,ศักดิ์สิทธิ์,,ปลายงุ้ม 24 โคนงุ้น 10,,0
30/07/2026 12:59:19,SG-01,477,1267072-04,25/07/2026,20:50,477,57,22,,,,,,,,,,,,,,35,420,-,-,,,,,,...(เต้),,,ศักดิ์สิทธิ์,,ปลายงุ้ม 21 โคนงุ้ม 14,,0
30/07/2026 13:01:01,SG-01,477,1267072-12,27/07/2026,09:50,482,77,26,,,,,,,,,,,,,,51,405,-,-,,,,,,...(เต้),,,ภาณุวัชร,,ปลายงุ้ม 42 โคนงุ้ม 9,,0
30/07/2026 13:02:42,SG-01,477,1267073-03,27/07/2026,13:46,550,65,26,,,,,,,,,,,,,,39,485,-,-,,,,,,...(เต้),,,ภาณุวัชร,,ปลายงุ้ม 21 โคนงุ้ม 18,,0
30/07/2026 13:04:32,SG-01,477,1267074-04,27/07/2026,16:38,482,34,25,,,,,,,,,,,,,,9,448,-,-,,,,,,...(เต้),,,ภาณุวัชร,,โคนงุ้ม 9 ,,0